MOBILE SAFETY CAMERA LOCATION DESCRIPTION REPORT,,,
LOCATION,SUBURB,Reason Code,Audit Date
Abey Road,COBBLEBANK,BCD,May-22
Adam Street,GOLDEN SQUARE,ACD,Apr-22
Agar Road,CORONET BAY,BC,T
Airport Drive,MELBOURNE AIRPORT,ABCD,Apr-22
Aitken Boulevard,ROXBURGH PARK,ABC,Apr-22
Aitken Boulevard,CRAIGIEBURN,ABCD,Apr-22
Aitken Street,ALEXANDRA,C,Oct-21
Albert Avenue,BORONIA,C,Jul-21
Albert Road,WARRAGUL,ABC,Apr-22
Albert Street,EAST MELBOURNE,A,May-22
Alexanders Road,MORWELL,BC,T
Allan Street,KYABRAM,C,Mar-22
Allenby Avenue,RESERVOIR,C,Apr-22
Allendale Road,DIAMOND CREEK,ABC,Apr-22
Allies Road,MYERS FLAT,AC,Apr-22
Allingham Street,KANGAROO FLAT,BCD,Apr-22
Ambrose Treacy Drive,BUNDOORA,BC,Apr-22
Anakie Road,BELL PARK,BC,Jan-22
Anderson Road,SUNSHINE,ABC,T
Anderson Road,FAWKNER,C,Apr-22
Andersons Creek Road,DONCASTER EAST,ABCD,Apr-22
Anzac Parade,BANDIANA,C,Oct-21
Anzac Road,TRAFALGAR,B,Apr-22
Apollo Road,TAYLORS LAKES,BC,T
Ararat-Halls Gap Road,POMONAL,ABC,Jul-21
Ararat-Halls Gap Road,JALLUKAR,AC,Jul-21
Ararat-Halls Gap Road,MOYSTON,AC,Jul-21
Arcadia Avenue,THE BASIN,ABCD,Nov-21
Arden Street,NORTH MELBOURNE,BC,May-22
Army Road,PAKENHAM,B,Apr-22
Army Road,PAKENHAM UPPER,BC,Apr-22
Arnot Street,BONNIE DOON,BCD,Sep-21
Arthur Street,ST ALBANS,C,T
Arthurs Creek Road,ARTHURS CREEK,ABC,Apr-22
Arthurs Creek Road,YAN YEAN,AC,Apr-22
Arundel Road,KEILOR,C,T
Ascot Vale Road,ASCOT VALE,C,Apr-22
Atkins Road,PAKENHAM,B,Apr-22
Auburn Road,HAWTHORN,ABD,Apr-22
Aughtie Drive,ALBERT PARK,BC,May-22
Avenel Road,SEYMOUR,BC,Oct-21
Avenel-Nagambie Rd,AVENEL,C,Oct-21
Avenel-Nagambie Road,AVENEL,C,Oct-21
Avenue of Honour,WOODEND NORTH,ACD,Nov-21
Averys Road,EAGLEHAWK,ABCD,Apr-22
Avondale Avenue,ST ALBANS,BC,T
Axe Creek Road,AXE CREEK,C,T
Baanip Boulevard,MOUNT DUNEED,ABCD,May-21
Back Beach Road,VENTNOR,A,T
Back Eildon Road,THORNTON,C,Oct-21
Bakers Road,NOBLE PARK NORTH,C,Nov-21
Balcombe Road,BEAUMARIS,ABC,May-22
Balcombe Road,MENTONE,AC,May-22
Ballan Road,BATESFORD,ABC,May-21
Ballan Road,WYNDHAM VALE,C,Sep-21
Ballan-Daylesford Road,BUNDING,ABC,Nov-21
Ballan-Daylesford Road,KORWEINGUBOORA,ABC,Nov-21
Ballarat Road,RAVENHALL,BC,May-22
Ballarat Road,FOOTSCRAY,C,Sep-21
Ballarat Road,HAMILTON,C,Apr-22
Ballarat-Maryborough Road,DAISY HILL,ACD,Nov-21
Ballarto Road,CARDINIA,BC,Apr-22
Balwyn Road,BALWYN,C,Apr-22
Bambra Road,CAULFIELD SOUTH,C,May-22
Banbury Road,RESERVOIR,BCD,Apr-22
Bank Street,AVENEL,C,Oct-21
Banksia Street,HEIDELBERG HEIGHTS,BC,Apr-22
Bannons Lane,YARRAMBAT,AC,Apr-22
Banyule Road,VIEWBANK,ABCD,Dec-21
Barkly Street,WEST FOOTSCRAY,C,Sep-21
Barkly Street West,ARARAT,B,Jul-21
Barmah-Shepparton Road,ZEERUST,AC,Apr-22
Barmah-Shepparton Road,BUNBARTHA,C,Apr-22
Barnes Boulevard,HORSHAM,C,Jul-21
Barrabool Road,HIGHTON,BC,Jan-22
Barrands Lane,DRYSDALE,BC,Jan-22
Barries Road,MELTON,C,May-22
Barry Road,COOLAROO,ABC,Apr-22
Barry Road,DALLAS,ABCD,Apr-22
Barry Road,THOMASTOWN,ABCD,May-22
Barry Road,CAMPBELLFIELD,BCD,Apr-22
Barrymore Road,GREENVALE,C,Apr-22
Barwon Heads Road,CONNEWARRE,ABC,Jan-22
Barwon Terrace,WINCHELSEA,BC,Jan-22
Bass Highway,INVERLOCH,ABC,Jul-21
Bass Highway,LANG LANG SOUTH,AC,T
Bass Highway,DALYSTON,C,T
Bass Highway,LEONGATHA SOUTH,C,T
Bass Highway,THE GURDIES,C,T
Bass Highway,WONTHAGGI,C,T
Batesford Road,MALVERN EAST,CD,May-22
Baxter-Tooradin Road,BAXTER,ABC,Jan-22
Baxter-Tooradin Road,PEARCEDALE,B,Mar-22
Baxter-Tooradin Road,DEVON MEADOWS,C,Mar-22
Bayswater Road,CROYDON,AC,Apr-22
Bayview Road,ROSEBUD,BC,Jan-22
Beach Road,BEAUMARIS,ABC,May-22
Beach Road,PARKDALE,BC,May-22
Beach Road,SANDRINGHAM,BC,May-22
Beach Road,MORDIALLOC,C,May-22
Beach Road,BLACK ROCK,C,May-22
Beach Street,FRANKSTON,C,Jan-22
Beacon Point Road,CLIFTON SPRINGS,B,Jan-22
Beaconsfield Parade,ALBERT PARK,ABCD,May-22
Beaconsfield Parade,MIDDLE PARK,BC,May-22
Beaconsfield-Emerald Road,DEWHURST,AC,Apr-22
Beaconsfield-Emerald Road,BEACONSFIELD,C,Apr-22
Beauchamp Street,KYNETON,C,Nov-21
Beaufort-Skipton Road,LAKE GOLDSMITH,C,Nov-21
Beechworth-Wodonga Road,LENEVA,B,Oct-21
Beischer Street,EAST BENDIGO,BC,Apr-22
Belgrave Road,MALVERN EAST,B,May-22
Belgrave-Hallam Road,NARRE WARREN NORTH,ABC,Mar-22
Belgrave-Hallam Road,NARRE WARREN EAST,B,T
Bell Street,PRESTON,ABC,Dec-21
Bell Street,COBURG,BC,Apr-22
Bellarine Highway,POINT LONSDALE,ABC,May-21
Bellarine Highway,MOOLAP,C,Jan-22
Bellbridge Drive,HOPPERS CROSSING,ABC,Sep-21
Belmore Road,BALWYN,ABC,Apr-22
Belmore Road,BOX HILL NORTH,C,Apr-22
Benalla-Winton Road,BENALLA,BC,Feb-22
Benalla-Yarrawonga Road,GOORAMBAT,B,Feb-22
Benalla-Yarrawonga Road,DEVENISH,C,Feb-22
Bendigo-Maldon Road,MALDON,BC,Apr-22
Bendigo-Maryborough Road,LOCKWOOD,AB,Apr-22
Bendigo-Maryborough Road,SHELBOURNE,C,Apr-22
Bendigo-Maryborough Road,HAVELOCK,C,Apr-22
Bendigo-Murchison Road,MURCHISON,BC,Apr-22
Bendigo-Murchison Road,WANALTA,C,Mar-22
Bendigo-Pyramid Hill Road,RAYWOOD,ACD,Apr-22
Bendigo-Pyramid Hill Road,WOODVALE,CD,Apr-22
Bendigo-Redesdale Road,STRATHFIELDSAYE,C,Apr-22
Benetook Avenue,MILDURA SOUTH,ABC,Jul-21
Benetook Avenue,KOORLONG,C,Jul-21
Bengworden Road,BENGWORDEN,BCD,Sep-21
Bengworden Road,COBAINS,C,Jan-22
Bengworden Road,PERRY BRIDGE,C,Jan-22
Bengworden Road,CLYDEBANK,ABC,Jan-22
Bennett Road,HORSHAM,C,Jul-21
Bergins Road,ROWVILLE,ABC,Apr-22
Berrabri Drive,SCORESBY,BC,May-21
Bible Street,ELTHAM,AC,Apr-22
Biggs Street,ST ALBANS,BC,T
Birchip-Wycheproof Road,BIRCHIP,C,Oct-21
Birregurra Forrest  Road,BARWON DOWNS,AC,Jan-22
Birregurra Forrest Road,MURROON,AC,Jan-22
Black Dog Drive,BROOKFIELD,C,May-22
Black Flat Road,WHITTLESEA,C,Apr-22
Black Forest Drive,MACEDON,AC,Nov-21
Black Forest Road,WERRIBEE,C,Sep-21
Black Forest Road,WYNDHAM VALE,C,Sep-21
Blackburn Road,BLACKBURN SOUTH,ACD,Apr-22
Blackburn Road,GLEN WAVERLEY,C,Apr-22
Blackburn Road,MOUNT WAVERLEY,C,Apr-22
Blackgate Road,CONNEWARRE,ABCD,Jan-22
Blackgate Road,MOUNT DUNEED,ABCD,Jan-22
Blackshaws Road,ALTONA NORTH,C,Sep-21
Blackshaws Road,SPOTSWOOD,C,Sep-21
Bloomfield Road,NILMA NORTH,BC,Apr-22
Bloomfield Road,KEYSBOROUGH,C,Nov-21
Bluff Road,HAMPTON,ABC,May-22
Bluff Road,SANDRINGHAM,ABC,May-22
Blyth Street,ALTONA,BC,Sep-21
Bobs Street,WHITE HILLS,BC,Apr-22
Bolton Street,ELTHAM,ABCD,Apr-22
Boneo Road,ROSEBUD,C,Jan-22
Booran Road,GLEN HUNTLY,C,May-22
Boort-Kerang Road,KERANG,BC,T
Booth Street,PRESTON,BCD,Dec-21
Borung Highway,WOOROONOOK,AC,Oct-21
Borung Highway,DONALD,C,Oct-21
Botha Avenue,RESERVOIR,C,Apr-22
Boundary Road,NEWCOMB,BC,Jan-22
Boundary Road,NORTH MELBOURNE,BCD,May-22
Boundary Road,PASCOE VALE,C,Apr-22
Boundary Road,MORDIALLOC,C,May-22
Bourke Road,CLARINDA,AC,Sep-21
Bowden Street,CASTLEMAINE,C,Apr-22
Bowen Street,CAMBERWELL,BCD,Apr-22
Brady Road,DANDENONG NORTH,C,Nov-21
Brandy Creek Road,WARRAGUL,ABCD,Apr-22
Breadalbane Avenue,MERNDA,BC,Apr-22
Bree Road,HAMILTON,C,Apr-22
Bridge Inn Road,MERNDA,BC,Apr-22
Bridge Inn Road,DOREEN,BCD,Apr-22
Bridge Street,BENALLA,C,Feb-22
Bridgewater Road,PORTLAND,C,Oct-21
Bridgewater Road,TREWALLA,C,Oct-21
Bridgewater Road,CRAIGIEBURN,C,Apr-22
Bridgewater-Dunolly Road,WAANYARRA,ABCD,Apr-22
Bridgewater-Serpentine Road,BRIDGEWATER,C,Apr-22
Bridle Road,MORWELL,ABCD,T
Bright Street,CALIFORNIA GULLY,BCD,Apr-22
Brisbane Street,BERWICK,BCD,Mar-22
Broad Gully Road,DIAMOND CREEK,BC,Apr-22
Broadford-Flowerdale Road,TYAAK,C,Sep-21
Broadford-Flowerdale Road,STRATH CREEK,C,Oct-21
Broadford-Kilmore Road,BROADFORD,C,Sep-21
Broadford-Kilmore Road,KILMORE,C,Sep-21
Broadford-Wandong  Road,BROADFORD,C,Sep-21
Broadford-Wandong Road,BROADFORD,C,Sep-21
Broadford-Wandong Road,KILMORE EAST,C,Sep-21
Broadhurst Avenue,RESERVOIR,AC,Apr-22
Broadmeadows Road,TULLAMARINE,C,Apr-22
Broadmeadows Road Deviation,WESTMEADOWS,BC,Apr-22
Broadway,RESERVOIR,AC,Apr-22
Broadway,DUNOLLY,BCD,Apr-22
Broken River Drive,SHEPPARTON,ABC,Apr-22
Brooke Street,TOWONG,C,Oct-21
Brooklyn Road,BROOKFIELD,ABC,May-22
Brown Road,PAKENHAM,B,Apr-22
Browning Street,ORBOST,BC,May-22
Browning Street,PORTLAND,C,Oct-21
Browns Road,BOTANIC RIDGE,B,Mar-22
Browns Road,CRANBOURNE SOUTH,B,Mar-22
Browns Road,NOBLE PARK,C,Nov-21
Browns Road,NOBLE PARK NORTH,C,Nov-21
Brunswick Road,BRUNSWICK,C,Apr-22
Brunswick Street,FITZROY,ABCD,May-22
Bruthen-Nowa Nowa Road,BRUTHEN,C,Sep-21
Bruthen-Nowa Nowa Road,NOWA NOWA,C,Sep-21
Buckingham Drive,ROWVILLE,BCD,Apr-22
Buckley Street,KEILOR EAST,BC,Apr-22
Buckley Street,ESSENDON WEST,C,Apr-22
Buckley Street,ESSENDON,C,Apr-22
Bulban Road,WERRIBEE,ABCD,May-21
Bulla Road,BULLA,ABC,Apr-22
Bulla Road,STRATHMORE,ABCD,Apr-22
Bulleen Road,BALWYN NORTH,C,Apr-22
Bulmans Road,MELTON WEST,C,May-22
Bungower Road,SOMERVILLE,ABC,Jan-22
Bungower Road,MOOROODUC,BCD,Mar-22
Burke Road,WARRAGUL WEST,BCD,T
Burke Road,GLEN IRIS,C,May-22
Burke Road,MALVERN EAST,C,May-22
Burns Street,HAMILTON,C,Apr-22
Burwood Highway,KNOXFIELD,ABC,Jan-22
Burwood Highway,WANTIRNA SOUTH,ABC,Jan-22
Burwood Highway,WANTIRNA,AC,Jan-22
Cairns Road,HAMPTON PARK,BC,Mar-22
CALDER ALTERNATIVE Highway,RAVENSWOOD,ACD,Apr-22
Calder Alternative Highway,MARONG,C,Apr-22
Calder Freeway,HARCOURT,ABC,Apr-22
Calder Freeway,CARLSRUHE,ACD,Nov-21
Calder Freeway,GISBORNE,ACD,Nov-21
Calder Freeway,GISBORNE SOUTH,ACD,Nov-21
Calder Freeway,KYNETON,ACD,Nov-21
Calder Freeway,MACEDON,ACD,Nov-21
Calder Freeway,MALMSBURY,ACD,Nov-21
Calder Freeway,TARADALE,ACD,Nov-21
Calder Freeway,WOODEND,ACD,Nov-21
Calder Freeway,ELPHINSTONE,ACD,Apr-22
Calder Freeway,FARADAY,ACD,Apr-22
Calder Freeway,RAVENSWOOD SOUTH,ACD,Apr-22
Calder Freeway,KEILOR NORTH,BC,T
Calder Highway,SEA LAKE,A,Oct-21
Calder Highway,OUYEN,ABC,Jul-21
Calder Highway,HATTAH,AC,Jul-21
Calder Highway,BIG HILL,ACD,Apr-22
Calder Highway,MAIDEN GULLY,ACD,Apr-22
Calder Highway,RAVENSWOOD,ACD,Apr-22
Calder Highway,RAVENSWOOD SOUTH,ACD,Apr-22
Calder Highway,RED CLIFFS,BC,Jul-21
Calder Highway,CABARITA,C,Jul-21
Calder Highway,MERBEIN,C,Jul-21
Calder Highway,MERBEIN WEST,C,Jul-21
Calder Highway,MILDURA,C,Jul-21
Calder Highway,MITTYACK,C,Jul-21
Calder Highway,YATPOOL,C,Jul-21
Calder Highway,YELTA,C,Jul-21
Calder Highway,BERRIWILLOCK,C,Oct-21
Calder Highway,CULGOA,C,Oct-21
Calder Highway,DUMOSA,C,Oct-21
Calder Highway,NANDALY,C,Oct-21
Calder Highway,NINDA,C,Oct-21
Calder Highway,NULLAWIL,C,Oct-21
Calder Highway,TEDDYWADDY,C,Oct-21
Calder Highway,WARNE,C,Oct-21
Calder Highway,WOOSANG,C,Oct-21
Calder Highway,WYCHEPROOF SOUTH,C,Oct-21
Calder Highway,LEICHARDT,C,Apr-22
Calder Highway,MARONG,C,Apr-22
Calder Highway,BRIDGEWATER ON LODDON,C,Apr-22
Calder Highway,DERBY,C,Apr-22
Calder Highway,GLENALBYN,C,Apr-22
Calder Highway,KURTING,C,Apr-22
Calder Park Drive,CALDER PARK,ABC,T
Calder Park Drive,SYDENHAM,ABC,T
Calder Park Drive,TAYLORS HILL,BC,May-22
Caldwells Road,EAGLEHAWK,BCD,Apr-22
Caledonia Street,ST ANDREWS,BCD,Apr-22
Calvert Street,BAIRNSDALE,C,Sep-21
Cambden Park Parade,FERNTREE GULLY,BC,Jul-21
Camelot Drive,GLEN WAVERLEY,C,Apr-22
Cameron Parade,BUNDOORA,ABC,Apr-22
Camp Road,BROADMEADOWS,AC,Apr-22
Campaspe Esplanade,ECHUCA,BCD,Mar-22
Campbell Street,ARARAT,B,Jul-21
Canning Street,AVONDALE HEIGHTS,AC,Apr-22
Cansick Street,ROSEDALE,ABC,Jan-22
Canterbury Road,MIDDLE PARK,ABCD,May-22
Canterbury Road,MONTROSE,BC,May-21
Canterbury Road,BLACKBURN SOUTH,C,Apr-22
Canterbury Road,BOX HILL,C,Apr-22
Cape Nelson Road,PORTLAND,C,Oct-21
Cape Otway Road,BIRREGURRA,ABC,Jan-22
Cape Otway Road,WINCHELSEA,ABC,Jan-22
Carnarvon Road,STRATHMORE,C,Apr-22
Carngham Road,BUNKERS HILL,C,Nov-21
Carngham Road,HADDON,C,Nov-21
Carpenter Street,QUARRY HILL,ABCD,Apr-22
Carpenter Street,SPRING GULLY,BCD,Apr-22
Carrick Drive,GLADSTONE PARK,ABC,Apr-22
Carroll Road,OAKLEIGH SOUTH,C,May-22
Castlemaine-Maldon Road,MUCKLEFORD,C,Apr-22
Centenary Avenue,MELTON WEST,B,May-22
Centenary Avenue,MELTON,C,May-22
Centenary Drive,MILL PARK,AC,Apr-22
Central Park Road,MALVERN EAST,BCD,May-22
Central Road,NUNAWADING,C,Apr-22
Centre Dandenong Road,MOORABBIN AIRPORT,AC,May-22
Centre Dandenong Road,CHELTENHAM,C,Sep-21
Centre Road,BENTLEIGH EAST,AC,May-22
Centre Road,LANGWARRIN,C,Jan-22
Centre Road,BENTLEIGH,C,May-22
Chadstone Road,MALVERN EAST,C,May-22
Champion Road,NEWPORT,C,Sep-21
Champions Parade,WOLLERT,BCD,Dec-21
Chandler Road,KEYSBOROUGH,BC,Nov-21
Chapel Road,KEYSBOROUGH,BC,Nov-21
Chapel Street,SOUTH YARRA,ACD,May-22
Charlton-St Arnaud Road,ST ARNAUD,C,Jul-21
Chatsworth-Hamilton Road,CROXTON EAST,ABC,Apr-22
Chauncey Street,LANCEFIELD,C,T
Cheddar Road East,RESERVOIR,BCD,May-22
Cheddar Road West,RESERVOIR,BCD,Apr-22
Chenery Street,MANSFIELD,C,Sep-21
Cherry Tree Road,PANTON HILL,AC,Apr-22
Chesterville Road,CHELTENHAM NORTH,C,Sep-21
Chifley Drive,PRESTON,BCD,Apr-22
Childers Street,PORTLAND,C,Oct-21
Childs Road,LALOR,ABCD,Apr-22
Childs Road,MILL PARK,AC,Apr-22
Chisholm Street,BALLARAT,C,Nov-21
Christies Road,LEOPOLD,AC,Jan-22
Chum Creek Road,HEALESVILLE,ABCD,Nov-21
Chum Street,GOLDEN SQUARE,BCD,Apr-22
Church Street,GROVEDALE,BC,Jan-22
Church Street,RICHMOND,BCD,May-22
Churchill-Traralgon Road,TRARALGON,AC,T
Cimberwood Drive,CRAIGIEBURN,C,Apr-22
Civic Parade,ALTONA,C,Sep-21
Claremont Avenue,MALVERN,BCD,May-22
Clarinda Road,CLARINDA,AC,Sep-21
Clarke Road,SPRINGVALE SOUTH,C,Nov-21
Clarkes Road,BROOKFIELD,BC,May-22
Clayton Road,CLAYTON SOUTH,C,Sep-21
Clayton Road,CLAYTON,C,Apr-22
Clifton Springs Road,CLIFTON SPRINGS,BC,Jan-22
Clyde-Five Ways Road,CLYDE,BC,Apr-22
Cobden-Warrnambool Road,GLENFYNE,ABC,Nov-21
Coburns Road,TOOLERN VALE,C,May-22
Cohuna-Koondrook Road,GANNAWARRA,C,Oct-21
Cohuna-Koondrook Road,KOONDROOK,C,Oct-21
Cohuna-Leitchville Road,LEITCHVILLE,BC,Oct-21
Colac Forrest Road,YEODENE,AC,Jan-22
Colac-Ballarat  Road,WEERING,BC,Jan-22
Colac-Ballarat Road,ROKEWOOD,BC,Dec-21
Colac-Ballarat Road,BEEAC,BC,Jan-22
Colac-Lavers Hill Road,BARONGAROOK,C,Jan-22
Colchester Road,KILSYTH SOUTH,AC,Apr-22
Coleraine-Balmoral Road,BALMORAL,C,Apr-22
Commercial Street,MERBEIN,BC,Jul-21
Como Parade West,PARKDALE,C,May-22
Condon Street,KENNINGTON,ABCD,Apr-22
Cookes Road,DOREEN,BC,Apr-22
Coolart Road,MOOROODUC,AC,Jan-22
Coombes Road,TORQUAY,BC,Jan-22
Cooper Street,SOMERTON,ABC,Apr-22
Cooper Street,EPPING,ABCD,Apr-22
Coppards Road,MOOLAP,BC,Jan-22
Coppards Road,NEWCOMB,C,Jan-22
Copperfield Drive,DELAHEY,BC,T
Cornwall Road,SUNSHINE,ABC,T
Corrigan Road,KEYSBOROUGH,C,Nov-21
Corrigan Road,NOBLE PARK,C,Nov-21
Coulstock Street,WARRNAMBOOL,C,Nov-21
Cowra Avenue,IRYMPLE,ABC,Jul-21
Craig Road,CRANBOURNE SOUTH,B,Mar-22
Craig Road,DEVON MEADOWS,B,Mar-22
Craigie Road,MOUNT MARTHA,C,Jan-22
Craigieburn Road,CRAIGIEBURN,AC,Apr-22
Craigieburn Road,WOLLERT,AC,Apr-22
Cramer Street,WARRNAMBOOL,C,Nov-21
Cranbourne-Frankston Road,LANGWARRIN,ABC,Jan-22
CRANE Street,JACKASS FLAT,ACD,Apr-22
Cravens Road,MERNDA,BCD,Apr-22
Creswick Road,BALLARAT,C,Sep-21
Creswick-Newstead Road,NEWSTEAD,C,Apr-22
Crook Street,KENNINGTON,BCD,Apr-22
Crusoe Road,KANGAROO FLAT,ABCD,Apr-22
Curlewis Road,CURLEWIS,C,May-21
Curtin Street,FLORA HILL,BCD,Apr-22
Dalmore Road,KOO WEE RUP,BC,Apr-22
Dalrymple Road,SUNBURY,C,Apr-22
Dalton Road,LALOR,BCD,Apr-22
Dandenong Bypass,DANDENONG SOUTH,BC,Nov-21
Dandenong Road,WINDSOR,ABCD,Jan-22
Dandenong Road,PRAHRAN,ABCD,Feb-22
Dandenong Road East,FRANKSTON,ABC,Jan-22
Dandenong-Hastings Road,CRANBOURNE,C,Mar-22
Danks Street,MIDDLE PARK,ABCD,May-22
Darebin Road,THORNBURY,BCD,May-22
Dargo road,LINDENOW,C,Sep-21
Darian Road,TORQUAY,BC,Jan-22
Darling Road,MALVERN EAST,C,May-22
Darlington Road,STAWELL,C,Jul-21
Dartmoor-Hamilton Road,YULECART,ABC,Apr-22
Dartmoor-Hamilton Road,HAMILTON,C,Apr-22
Davisson Street,EPPING,C,Apr-22
De Rossi Boulevard,WOLLERT,BCD,Dec-21
Deakin Avenue,MILDURA,ABC,Jul-21
Deep Creek Road,MITCHAM,BC,Apr-22
Delatite Road,SEYMOUR,C,Oct-21
Dendy Street,BRIGHTON,A,May-22
Dendy Street,BRIGHTON EAST,ABC,May-22
Derby Street,PASCOE VALE,C,Apr-22
Derril Road,PORTLAND,ABCD,May-21
Derrimut Road,HOPPERS CROSSING,C,Sep-21
Devon Road,PASCOE VALE,C,Apr-22
Diamond Creek Road,GREENSBOROUGH,ABCD,May-22
Diggers Rest-Coimadai Road,TOOLERN VALE,BC,May-22
Dinah Parade,KEILOR EAST,C,Apr-22
Dingley Bypass,HEATHERTON,AC,May-22
Don Road,BADGER CREEK,AC,Jan-22
Donald Cameron Drive,ROXBURGH PARK,C,Apr-22
Doncaster Road,BALWYN NORTH,AC,Apr-22
Donnybrook Road,MICKLEHAM,ABC,Apr-22
Donnybrook Road,YAN YEAN,C,Jun-21
Donovans Way,MANSFIELD,BCD,Sep-21
Dooen Road,HORSHAM,C,Jul-21
Dorset Road,CROYDON,ABC,Apr-22
Dorset Road,BORONIA,C,Apr-22
Dougharty Road,HEIDELBERG HEIGHTS,BCD,Dec-21
Doveton Street North,INVERMAY PARK,BC,Nov-21
Downes Road,CASTLEMAINE,C,T
Driscolls Road,KEALBA,BC,T
Dromana Parade,SAFETY BEACH,ABCD,Jan-22
Drummond Street South,BALLARAT,C,Nov-21
Drysdale-Ocean Grove Road,WALLINGTON,BC,May-21
Duff Street,CRANBOURNE WEST,B,Mar-22
Dunblane Road,NOBLE PARK,BC,Nov-21
Duncan Drive,PAKENHAM,BC,Apr-22
Duncans Road,WERRIBEE,C,Sep-21
Dundas Road,MARYBOROUGH,BCD,Apr-22
Dundas Street,PRESTON,ABC,Apr-22
Dundas Street,RYE,C,Jan-22
Dunkeld-Cavendish Road,MOUTAJUP,AC,Apr-22
Dunne Street,KINGSBURY,ABC,Apr-22
Dunns Road,MOUNT MARTHA,BC,Jan-22
Dynon Road,WEST MELBOURNE,ABCD,May-22
East Boundary Road,BENTLEIGH EAST,C,May-22
East Esplanade,ST ALBANS,C,T
East Street,HADFIELD,BC,Apr-22
Eastbourne Road,ROSEBUD,ABC,Jan-22
Eastfield Road,CROYDON,ABCD,Feb-22
Eaststone Avenue,WOLLERT,BCD,Dec-21
Echuca-Kyabram Road,ECHUCA,BC,Mar-22
Echuca-Mooroopna Road,MOOROOPNA NORTH,BC,Apr-22
Echuca-Mooroopna Road,UNDERA,BC,Apr-22
Echuca-Mooroopna Road,ST GERMAINS,C,Apr-22
Edenvale Boulevard,WOLLERT,BCD,Dec-21
Edgar Street,PORTLAND,C,Oct-21
Edgars Road,LALOR,ABCD,Apr-22
Edgars Road,EPPING,BC,Apr-22
Edgecombe Road,KYNETON,AC,Nov-21
Edward Road,CHIRNSIDE PARK,ABC,Jul-21
Edwards Road,JACKASS FLAT,ABCD,Apr-22
Edwards Street,SEBASTOPOL,ABCD,Nov-21
Eighth Street,MILDURA,C,Jul-21
Elcho Road,LARA,BC,Jan-22
Elder Street,WATSONIA,BC,Apr-22
Eleventh Street,MILDURA,ABC,Jul-21
Eleventh Street,IRYMPLE,C,Jul-21
Elgar Road,BOX HILL SOUTH,C,Apr-22
Elgar Road,BURWOOD,C,Apr-22
Elizabeth Drive,SUNBURY,BC,Apr-22
Elizabeth Street,COBURG,ABC,Apr-22
Elizabeth Street,ARARAT,BC,T
Elizabeth Street,EDENHOPE,C,Jul-21
Elliott Parade,LYNBROOK,ABCD,Mar-22
Elm Street,WODONGA,ABCD,Oct-21
Eltham-Yarra Glen Road,KANGAROO GROUND,ABCD,Apr-22
Eltham-Yarra Glen Road,CHRISTMAS HILLS,AC,Apr-22
Eltham-Yarra Glen Road,WATSONS CREEK,B,Apr-22
Emu Creek Road,STRATHFIELDSAYE,AC,T
Emu Road,MAIDSTONE,BC,Sep-21
Epping Road,WOLLERT,ABCD,Apr-22
Epping Road,EPPING,BCD,Apr-22
Epping Road,WOODSTOCK,C,Apr-22
Epping-Kilmore Road,WANDONG,C,Sep-21
Epsom Road,ASCOT VALE,C,Apr-22
Epsom-Barnadown Road,ASCOT,BC,Apr-22
Ernst Wanke Road,BERWICK,B,Mar-22
Erskine Road,MACLEOD,AC,Apr-22
Esplanade,BRIGHTON,AC,May-22
Essex Street,WEST FOOTSCRAY,C,Sep-21
Etiwanda Avenue,MILDURA,BC,Jul-21
Eureka Street,BALLARAT EAST,ABC,Nov-21
Euroa-Mansfield Road,GOORAM,ABC,Sep-21
Euroa-Mansfield Road,EUROA,ABC,Nov-21
Euroa-Mansfield Road,MERTON,C,Sep-21
Euroa-Shepparton Road,KARRAMOMUS,ABC,Apr-22
Euroa-Shepparton Road,EUROA,C,Oct-21
Euroa-Shepparton Road,MIEPOLL,C,Oct-21
Everleigh Drive,DIAMOND CREEK,BD,Apr-22
Exford Road,EXFORD,C,May-22
Exford Road,MELTON SOUTH,C,May-22
Eynesbury Road,EYNESBURY,BC,May-22
Eyre Street,ECHUCA,C,Mar-22
Fairbank Road,CLAYTON SOUTH,ABCD,Nov-21
Federation Way,BOWSER,ABC,May-21
Felltimber Creek Road,WODONGA,BC,Oct-21
Ferrars Street,ALBERT PARK,BCD,May-22
Ferris Road,MELTON SOUTH,C,May-22
Fifteenth Street,IRYMPLE,C,Jul-21
Finch Street,MALVERN EAST,ABCD,May-22
Findon Road,SOUTH MORANG,BC,Apr-22
Findon Road,EPPING,BCD,Apr-22
Finlayson Street,ROSANNA,B,Apr-22
Flaxen Hills Road,DOREEN,BC,Apr-22
Flaxman Street,WARRNAMBOOL,ABCD,Nov-21
Ford Road,SHEPPARTON,BC,Apr-22
Forrest Street,ALBION,BC,T
Forrest Street,ARDEER,BC,T
Fourteenth Street,IRYMPLE,C,Jul-21
Frankston-Dandenong Road,BANGHOLME,C,Nov-21
Frankston-Dandenong Road,SEAFORD,C,Jan-22
Frankston-Dandenong Road,FRANKSTON,C,Jan-22
Frankston-Flinders Road,BITTERN,ABC,Jan-22
Frankston-Flinders Road,SOMERVILLE,ABC,Jan-22
Frawley Road,HALLAM,ABC,Mar-22
Fryers Road,HIGHTON,BCD,Mar-22
Fussell Street,BALLARAT EAST,BC,Nov-21
Fyansford-Gheringhap Road,GHERINGHAP,BC,Jan-22
Gaffney Street,PASCOE VALE,C,Apr-22
Gallaghers Road,GLEN WAVERLEY,C,Apr-22
Gap Road,SUNBURY,ABC,Apr-22
Garden Road,DOREEN,ABCD,Apr-22
Gardenia Street,HORSHAM,AC,Jul-21
Gardner and Holman Road,DROUIN,BCD,T
Gateshead Drive,WANTIRNA SOUTH,BCD,May-21
Gear Avenue,MOUNT HELEN,BC,Nov-21
Geelong-Bacchus Marsh Road,BALLIANG EAST,C,Nov-21
Geelong-Bacchus Marsh Road,BACCHUS MARSH,C,Nov-21
Geelong-Ballan Road,BEREMBOKE,ABC,T
Geelong-Ballan Road,MOUNT WALLACE,ABC,T
Geelong-Ballan Road,BALLAN,ABC,Nov-21
George Street,SANDRINGHAM,AC,T
George Street,HAMILTON,C,Apr-22
George Street,DONCASTER,C,Apr-22
Gibsons Road,SALE,C,Jan-22
Gilbert Road,RESERVOIR,ABCD,Apr-22
Gillies Road,ASCOT,BC,Nov-21
Gillies Road,BALD HILLS,BC,Nov-21
Gillies Road,MOUNT ROWAN,BC,Nov-21
Gillies Road,SULKY,BC,Nov-21
Gillies Street,MARYBOROUGH,BCD,Nov-21
Gillwell Road,LALOR,BCD,May-22
Gisborne Road,BACCHUS MARSH,C,Nov-21
Gisborne-Melton Road,KURUNJANG,ABC,May-22
Gisborne-Melton Road,TOOLERN VALE,ABC,May-22
Gisborne-Melton Road,MELTON,BC,May-22
Gladesville Boulevard,PATTERSON LAKES,ACD,Sep-21
Gladstone Road,DANDENONG NORTH,C,T
Gladstone Street,MARYBOROUGH,C,Apr-22
Glen Huntly Road,ELWOOD,BC,May-22
Glen Katherine Drive,ST HELENA,B,Apr-22
Glencairn Drive,GREENVALE,BC,Apr-22
Glenelg Highway,DUNKELD,ABC,Apr-22
Glenelg Highway,LAKE BOLAC,AC,Jul-21
Glenelg Highway,WICKLIFFE,AC,Jul-21
Glenelg Highway,WARRAYURE,AC,Apr-22
Glenelg Highway,SMYTHESDALE,BC,T
Glenelg Highway,PITTONG,C,T
Glenelg Highway,STREATHAM,C,Jul-21
Glenelg Highway,WESTMERE,C,Jul-21
Glenelg Highway,CARRANBALLAC,C,Sep-21
Glenelg Highway,CASTERTON,C,Oct-21
Glenelg Highway,WILKIN,C,Oct-21
Glenelg Highway,SKIPTON,C,Nov-21
Glenelg Highway,SMYTHES CREEK,C,Nov-21
Glenelg Highway,COLERAINE,C,Apr-22
Glenelg Highway,GLENTHOMPSON,C,Apr-22
Glenelg Highway,HAMILTON,C,Apr-22
Glenelg Highway,WANNON,C,Apr-22
Glenfern Road,UPWEY,ABC,Jul-21
Glenferrie Road,MALVERN,C,May-22
Glengala Road,SUNSHINE WEST,C,T
Glengarry West Road,GLENGARRY WEST,AC,T
Glenrowan Myrtleford Road,MARKWOOD,C,May-21
Glenrowan-Myrtleford Road,WHOROULY,ABC,May-21
Glenrowan-Myrtleford Road,LACEBY,AC,May-21
Glenroy Road,GLENROY,C,Apr-22
Golf Links Road,NARRE WARREN,B,Mar-22
Golf Links Road,FRANKSTON,C,Jan-22
Goodwin Street,BENALLA,BC,Feb-22
Gordons Road,SOUTH MORANG,BCD,Apr-22
Gorge Road,SOUTH MORANG,AC,Apr-22
Goulburn Valley Freeway,MANGALORE,AC,Oct-21
Goulburn Valley Freeway,NAGAMBIE,C,Oct-21
Goulburn Valley Freeway,WAHRING,C,Oct-21
Goulburn Valley Freeway,MOORILIM,C,Apr-22
Goulburn Valley Freeway,ARCADIA,B,Apr-22
Goulburn Valley Highway,NUMURKAH,ABC,Oct-21
Goulburn Valley Highway,SEYMOUR,ABC,Oct-21
Goulburn Valley Highway,MOLESWORTH,AC,Oct-21
Goulburn Valley Highway,KORIELLA,C,Sep-21
Goulburn Valley Highway,KOONOOMOO,C,Oct-21
Goulburn Valley Highway,WUNGHNU,C,Oct-21
Goulburn Valley Highway,EILDON,C,Oct-21
Goulburn Valley Highway,HOMEWOOD,C,Oct-21
Goulburn Valley Highway,KIALLA WEST,C,Apr-22
Goulburn Valley Highway,TALLYGAROOPNA,C,Apr-22
Goulburn Valley Hwy,SHEPPARTON NORTH,AC,Apr-22
Gourlay Road,HILLSIDE,ABCD,May-22
Gourlay Road,TAYLORS HILL,BC,May-22
Governor Road,BRAESIDE,AC,May-22
Goynes Road,EPSOM,ABCD,Apr-22
Graham Street,PORT MELBOURNE,ABCD,May-22
Grampians Road,MOKEPILLY,AC,Jul-21
Grampians Road,HALLS GAP,C,Jul-21
Grange Drive,SOUTH MORANG,BC,Apr-22
Grange Road,TOORAK,ABC,May-22
Grange Road,ALPHINGTON,AC,Apr-22
Grano Street,ARARAT,B,Jul-21
Grants Road,EDEN PARK,C,Apr-22
Grants Road,WHITTLESEA,AC,Apr-22
Gravesend Street,COLAC,AC,Jan-22
Gray Street,SWAN HILL,C,Oct-21
Graydens Road,HASTINGS,ABC,Jan-22
Great Alpine Road,BOWMANS FOREST,ABC,May-21
Great Alpine Road,EUROBIN,ABC,May-21
Great Alpine Road,OVENS,B,May-21
Great Alpine Road,DOCTORS FLAT,BC,Sep-21
Great Alpine Road,GRANITE ROCK,C,Sep-21
Great Alpine Road,OMEO,C,Sep-21
Great Alpine Road,WISELEIGH,C,Sep-21
Great Alpine Road,SARSFIELD,C,Sep-21
Great Alpine Road,SWIFTS CREEK,C,Sep-21
Great Ocean  Road,ANGLESEA,ABCD,Jan-22
Great Ocean  Road,APOLLO BAY,C,Jan-22
Great Ocean Road,LORNE,ABC,Jan-22
Great Ocean Road,WONGARRA,AC,Jan-22
Great Ocean Road,PORT CAMPBELL,BC,Nov-21
Great Ocean Road,PETERBOROUGH,C,Nov-21
Great Ocean Road,SKENES CREEK,C,Jan-22
Greaves Road,NARRE WARREN SOUTH,B,Mar-22
Green Street,NOBLE PARK,B,Nov-21
Greenhalghs Road,BUNKERS HILL,BC,Nov-21
Greenhalghs Road,DELACOMBE,C,Nov-21
Greenvale Drive,GREENVALE,BC,Apr-22
Greenwood Drive,BUNDOORA,BCD,Apr-22
Greigs Road,ROCKBANK,ABCD,May-22
Greigs Road,STRATHTULLOH,ABCD,May-22
Greythorn Road,BALWYN NORTH,C,Apr-22
Grimshaw Street,BUNDOORA,ABCD,Dec-21
Grubb Road,OCEAN GROVE,BC,May-21
Guthridge Parade,SALE,C,T
Guys Hill Road,STRATHFIELDSAYE,ABCD,Apr-22
Hall Road,CARRUM DOWNS,ABC,Jan-22
Hamilton  Highway,WINGEEL,AC,Jan-22
Hamilton Highway,CRESSY,ABC,Jan-22
Hamilton Highway,MURGHEBOLUC,AC,Dec-21
Hamilton Highway,STONEHAVEN,AC,Dec-21
Hamilton Highway,GNARWARRE,BC,Dec-21
Hamilton Highway,BERRYBANK,C,Nov-21
Hamilton Highway,LISMORE,C,Nov-21
Hamilton Highway,MORTLAKE,C,Nov-21
Hamilton Highway,PENSHURST,C,Apr-22
Hamilton-Natimuk Road,CAVENDISH,C,Apr-22
Hampden Road,ARMADALE,CD,May-22
Hampton Street,BRIGHTON,ABCD,Nov-21
Hanlon Parade,PORTLAND,C,Oct-21
Hanson Road,CRAIGIEBURN,C,Apr-22
Harcourt Road,BORONIA,BC,Jul-21
Harding Street,COBURG,BCD,Mar-22
Hargraves Street,CASTLEMAINE,C,Apr-22
Hargreaves Street,GOLDEN SQUARE,BCD,Apr-22
Harold Road,SPRINGVALE SOUTH,C,Nov-21
Harris Street,WARRNAMBOOL,C,Nov-21
Hartington Drive,WANTIRNA,ABCD,May-21
Hattah-Robinvale Road,HATTAH,C,Jul-21
Havilah Road,LONG GULLY,BCD,Apr-22
Hawkins Street,SHEPPARTON,BC,Apr-22
Hawthorn Road,CAULFIELD SOUTH,B,May-22
Hazel Glen Drive,MERNDA,C,Apr-22
Heads Road,DONVALE,C,Apr-22
Healesville-Koo Wee Rup Road,YELLINGBO,ABC,T
Healesville-Koo Wee Rup Road,WOORI YALLOCK,ABC,Jul-21
Heathcote-Kyneton Road,LANGLEY,AC,Apr-22
Heathcote-Nagambie Road,GRAYTOWN,C,Oct-21
Heathcote-Nagambie Road,NAGAMBIE,C,Oct-21
Heatherdale Road,MITCHAM,C,Apr-22
Heatherton Road,CLAYTON SOUTH,AC,May-22
Heatherton Road,ENDEAVOUR HILLS,C,Mar-22
Heaths Road,HOPPERS CROSSING,C,Sep-21
Heaths Road,WERRIBEE,C,Sep-21
Hedderwick Street,ESSENDON,C,Apr-22
Heidelberg Road,CLIFTON HILL,BC,May-22
Heidelberg-Kinglake Road,ST ANDREWS,ABC,Apr-22
Heidelberg-Kinglake Road,COTTLES BRIDGE,ABCD,Apr-22
Heidelberg-Kinglake Road,WATTLE GLEN,AC,Apr-22
Heidelberg-Warrandyte Road,WARRANDYTE,C,Apr-22
Heinz Lane,INVERMAY PARK,BC,Nov-21
Hendy Main Road,MORIAC,ABC,Jan-22
Hensley Park Road,HAMILTON,C,Apr-22
Henty Highway,BRANXHOLME,ABC,Apr-22
Henty Highway,HAMILTON,ABC,Apr-22
Henty Highway,BRIMPAEN,C,Jul-21
Henty Highway,BYRNEVILLE,C,Jul-21
Henty Highway,HAVEN,C,Jul-21
Henty Highway,KEWELL NORTH,C,Jul-21
Henty Highway,RIVERSIDE,C,Jul-21
Henty Highway,WONWONDAH NORTH,C,Jul-21
Henty Highway,MOORALLA,C,Apr-22
Henty Street,RESERVOIR,ABCD,Apr-22
Herbert Street,BORONIA,BC,Jul-21
Hertford Road,SUNSHINE,BC,T
Hidden Valley Boulevard,WALLAN,BC,May-21
High Street,THOMASTOWN,ABCD,Apr-22
High Street,WINDSOR,ABCD,May-22
High Street,ARARAT,AC,Jul-21
High Street,GOLDEN SQUARE,AC,Apr-22
High Street,RESERVOIR,AC,Apr-22
High Street,EILDON,B,Oct-21
High Street,EPPING,BCD,Jan-22
High Street,LALOR,BCD,Apr-22
High Street,BROADFORD,C,Sep-21
High Street,SEYMOUR,C,Oct-21
High Street,DONCASTER,C,Apr-22
High Street,KEW,C,Apr-22
High Street,TEMPLESTOWE,C,Apr-22
High Street,GLEN IRIS,C,May-22
High Street Road,WANTIRNA SOUTH,AC,May-21
High Street Road,MOUNT WAVERLEY,C,Apr-22
Highbury Road,GLEN WAVERLEY,C,Apr-22
Highbury Road,MOUNT WAVERLEY,C,Apr-22
Highett Road,HIGHETT,ABCD,May-22
Highlands Road,SEYMOUR,ABC,Oct-21
Highpark Drive,WOLLERT,BCD,Dec-21
Highton Lane,MANSFIELD,BC,Sep-21
Hilma Street,SUNSHINE WEST,C,T
Hodder Street,BRIGHTON EAST,AC,May-22
Hodgins Road,HASTINGS,BCD,Jan-22
Hodgson Street,EAGLEHAWK,BCD,Apr-22
Hoffmans Road,NIDDRIE,C,Apr-22
Holden Road,DIGGERS REST,C,May-22
Holdsworth Road,NORTH BENDIGO,ABCD,Apr-22
Holdsworth Road,WHITE HILLS,ABCD,Apr-22
Holmes Street,BRUNSWICK,C,Apr-22
Hopetoun Road,TOORAK,BC,May-22
Hopkins Highway,PURNIM,C,Nov-21
Hopkins Highway,GRASSMERE,BC,Nov-21
Horace Street,MALVERN,BC,May-22
Horseshoe Bend Road,MOUNT DUNEED,BC,Jan-22
Horseshoe Bend Road,TORQUAY,BC,Jan-22
Hosie Road,SHEPPARTON EAST,B,Apr-22
Hotham Road,PORTSEA,C,Jan-22
Hotham Street,RIPPONLEA,ABCD,Nov-21
Howard Street,EPSOM,ACD,Apr-22
Howard Street,JACKASS FLAT,CD,Apr-22
Howe Parade,GARDEN CITY,B,May-22
Howitt Street,WARRAGUL,ACD,Apr-22
Hughes Parade,RESERVOIR,ABC,Apr-22
Hughes Street,OUYEN,C,Jul-21
Hull Road,CROYDON,AC,Apr-22
Hume Drive,SYDENHAM,ABC,T
Hume Drive,TAYLORS HILL,BC,May-22
Hume Freeway,BORALMA,ABC,May-21
Hume Freeway,BOWSER,ABC,May-21
Hume Freeway,SEYMOUR,ABC,Oct-21
Hume Freeway,TALLAROOK,ABC,Oct-21
Hume Freeway,WANGARATTA,AC,May-21
Hume Freeway,VIOLET TOWN,AC,Sep-21
Hume Freeway,LOCKSLEY,AC,Oct-21
Hume Freeway,WODONGA,AC,Oct-21
Hume Freeway,CHILTERN,BC,Oct-21
Hume Freeway,AVENEL,C,Oct-21
Hume Freeway,EUROA,C,Oct-21
Humffray Street North,BALLARAT,C,Nov-21
Humphries Road,FRANKSTON,C,Jan-22
Huntingdale Road,MOUNT WAVERLEY,C,Apr-22
Huon Creek Road,WODONGA,C,Oct-21
Hurd Street,PORTLAND,C,Oct-21
Hutchison Street,SALE,C,Jan-22
Hutton Road,KEYSBOROUGH,C,Nov-21
Hyde Street,SEDDON,BCD,Mar-22
Hyland Highway,TRARALGON,ABC,T
Hyland Highway,FLYNNS CREEK UPPER,ABC,Jan-22
Hyland Highway,YARRAM,C,Jan-22
Ingles Street,SOUTH MELBOURNE,BCD,May-22
Inglis Road,BERWICK,BC,Mar-22
Inglis Street,GOLDEN SQUARE,CD,Apr-22
Ingrams Road,RESEARCH,BCD,T
Inkerman Street,MARYBOROUGH,ABCD,Apr-22
Inverloch-Venus Bay Road,POUND CREEK,BC,T
Inverloch-Venus Bay Road,INVERLOCH,B,T
Ironbark Road,YARRAMBAT,ACD,Apr-22
Jacaranda Street,RED CLIFFS,BC,Jul-21
Jacksons Road,NOBLE PARK NORTH,BC,Nov-21
James Mirams Drive,ROXBURGH PARK,AC,Apr-22
Jasper Road,BENTLEIGH,ABC,May-22
Jasper Road,MCKINNON,BC,May-22
Jeeralang North Road,HAZELWOOD NORTH,ABC,T
Jetty Road,ROSEBUD,C,Jan-22
JOBS GULLY Road,JACKASS FLAT,CD,Apr-22
Jukes Road,FAWKNER,ABC,Apr-22
Kangaroo Ground-St Andrews Road,SMITHS GULLY,A,Apr-22
Kangaroo Ground-St Andrews Road,KANGAROO GROUND,AC,Apr-22
Kangaroo Ground-St Andrews Road,PANTON HILL,AC,Apr-22
Kangaroo Ground-Warrandyte Road,KANGAROO GROUND,BC,Apr-22
Kangaroo Road,MURRUMBEENA,B,May-22
Karadoc Avenue,IRYMPLE,BC,Jul-21
Karingal Drive,FRANKSTON,ABC,Jan-22
Karook Street,COBRAM,AC,Oct-21
Kars Street,FRANKSTON,C,Jan-22
Katamatite Road,CONGUPNA,C,Apr-22
Katamatite-Shepparton Road,TALLYGAROOPNA,C,Apr-22
Keera Street,GEELONG,BCD,Jan-22
Keilor Park Drive,KEILOR PARK,C,T
Kelvinside Road,NOBLE PARK,BC,Nov-21
Kenmare Street,WATSONIA,C,Apr-22
Kennedy Street,CASTLEMAINE,C,Apr-22
Kensington Road,KENSINGTON,ABC,May-22
Kensington Road,LEOPOLD,BC,Jan-22
Kent Street,ASCOT VALE,BC,Apr-22
Keon Parade,KEON PARK,BCD,May-22
Kerang-Koondrook Road,TEAL POINT,C,Oct-21
Kerang-Murrabit Road,KERANG,BC,Oct-21
Kerang-Murrabit Road,WESTBY,BC,Oct-21
Kerferd Road,ALBERT PARK,ABC,May-22
Keys Road,MOORABBIN EAST,C,May-22
Kialla Lakes Drive,KIALLA,ABCD,Apr-22
Kiewa Valley Highway,BARANDUDA,A,Oct-21
Kiewa Valley Highway,KIEWA,ABC,Oct-21
Kiewa Valley Highway,RUNNING CREEK,AC,May-21
Kiewa Valley Highway,BANDIANA,AC,Oct-21
Kiewa Valley Highway,DEDERANG,BC,May-21
Kilmore Road,NEW GISBORNE,AC,Nov-21
Kilmore-Epping Road,WALLAN,ABC,May-21
Kilmore-Lancefield Road,KILMORE,C,Sep-21
King Parrot Creek Road,STRATH CREEK,C,Oct-21
King Street,HAMILTON,C,Apr-22
King Street,DONCASTER,C,Apr-22
Kinglake Drive,WYNDHAM VALE,ABCD,Sep-21
Kings Road,DELAHEY,ABCD,Nov-21
Kings Road,KINGS PARK,ABCD,Nov-21
Kings Road,TAYLORS LAKES,ABCD,Nov-21
Kings Road,ST ALBANS,AC,Nov-21
Kingsclere Avenue,KEYSBOROUGH,C,Nov-21
Kingston Road,HEATHERTON,AC,May-22
Kobyboyn Road,SEYMOUR,ABC,Oct-21
Koo Wee Rup-Longwarry Road,BAYLES,B,Apr-22
Koonoomoo Road,COBRAM,C,Oct-21
Kooyong Road,CAULFIELD NORTH,C,May-22
Kooyong Road,CAULFIELD SOUTH,C,May-22
Kororoit Creek Road,ALTONA,C,Sep-21
Kororoit Creek Road,WILLIAMSTOWN NORTH,C,Sep-21
Korumburra-Warragul Road,WARRAGUL SOUTH,BC,Apr-22
Kulkyne Way,KARADOC,ABC,Jul-21
Kulkyne Way,IRAAK,AC,Jul-21
Kumala Road,BAYSWATER,BC,Sep-21
Kurrak Road,YARRAMBAT,BC,Apr-22
Kyneton-Trentham Road,TRENTHAM,BC,T
Lady Nelson Way,KEILOR DOWNS,C,T
Lake Tyers Beach Road,LAKE TYERS,C,T
Lakeside Drive,ALBERT PARK,BC,Jun-21
Lancaster Road,KYABRAM,BC,Mar-22
Langs Road,ASCOT VALE,C,Apr-22
Latrobe Road,MORWELL,ABCD,T
Latrobe Road,MARYVALE,BC,T
Lawn Road,SPRINGVALE,C,Nov-21
Leakes Road,PLUMPTON,AC,May-22
Leakes Road,TRUGANINA,BCD,Jan-22
Leonard Avenue,ST ALBANS,C,T
Leppitt Road,PAKENHAM,B,Apr-22
Leslie Street,ST ALBANS,BC,T
Liberty Avenue,ROWVILLE,C,Apr-22
Linsell Boulevard,CRANBOURNE EAST,BC,Mar-22
Liverpool Road,KILSYTH,AC,Jan-22
Livingstone Street,IVANHOE,ABCD,Apr-22
Livingstone Street,AVENEL,BC,Oct-21
Lloyd Street,MOE,ABC,T
Lockwood Road,KANGAROO FLAT,ACD,Apr-22
Loddon Valley Highway,MACORNA,BC,Oct-21
Loddon Valley Highway,KERANG SOUTH,C,Oct-21
Loddon Valley Highway,CAMPBELLS FOREST,C,Apr-22
Loddon Valley Highway,CANARY ISLAND SOUTH,C,Apr-22
Loddon Valley Highway,DURHAM OX,C,Apr-22
Loddon Valley Highway,JARKLIN,C,Apr-22
Loddon Valley Highway,YARRABERB,C,Apr-22
Long Forest Road,LONG FOREST,BC,Nov-21
Longford-Loch Sport Road,LONGFORD,ABC,Jan-22
Longford-Loch Sport Road,DUTSON,C,Jan-22
looker Road,MONTMORENCY,BCD,Apr-22
Lorimer Street,PORT MELBOURNE,BCD,May-22
Lower Dandenong Road,MORDIALLOC,AC,May-22
Lower Dandenong Road,DINGLEY VILLAGE,C,Sep-21
Lower Duneed Road,MOUNT DUNEED,ABC,Jan-22
Lower Heidelberg Road,IVANHOE,C,Apr-22
Lower Plenty Road,YALLAMBIE,ABCD,Apr-22
Lowry Street,ROCHESTER,ABC,Mar-22
Ludstone Street,HAMPTON,AC,May-22
Lum Road,WHEELERS HILL,BC,Apr-22
Lyall Road,BERWICK,B,Mar-22
Lygon Street,CARLTON NORTH,AC,May-22
Lyon Road,VIEWBANK,BCD,Apr-22
Lyons Street,WHITE HILLS,CD,Apr-22
Lyrebird Drive,CARRUM DOWNS,ABC,Jan-22
MacArthur Street,SALE,C,Jan-22
Macaulay Road,NORTH MELBOURNE,ABC,May-22
Mackie Road,BENTLEIGH EAST,BCD,May-22
Macleod Street,BAIRNSDALE,BC,Sep-21
Madeira Packet Road,PORTLAND,C,Oct-21
Maffra-Rosedale Road,NAMBROK,ABC,Jan-22
Maffra-Sale Road,MAFFRA,ABCD,Jan-22
Maginness Street,BENALLA,C,Feb-22
Maiden Gully Road,MAIDEN GULLY,ABCD,Apr-22
Maidstone Street,ALTONA,BC,Sep-21
Main Hurstbridge Road,DIAMOND CREEK,BCD,Dec-21
Main Neerim Road,NEERIM SOUTH,ABC,Apr-22
Main Neerim Road,NEERIM JUNCTION,ABD,Apr-22
Main Neerim Road,DROUIN,BCD,Apr-22
Main Road,LOWER PLENTY,ABCD,Dec-21
Main Road,HURSTBRIDGE,BC,Apr-22
Main Road,PAYNESVILLE,C,Sep-21
Main Road,ELTHAM,C,Apr-22
Main Road East,ST ALBANS,BC,T
Main Road West,ST ALBANS,C,T
Main Street,BLACKBURN,ABCD,Apr-22
Main Street,ROMSEY,CD,Nov-21
Major Road,FAWKNER,ABC,Apr-22
Majorca Road,MARYBOROUGH,BC,Apr-22
Malcolm Street,MANSFIELD,ABC,Sep-21
Mallee Highway,BOINKA,C,Jul-21
Mallee Highway,BOORONGIE NORTH,C,Jul-21
Mallee Highway,CARINA,C,Jul-21
Mallee Highway,COWANGIE,C,Jul-21
Mallee Highway,KULWIN,C,Jul-21
Mallee Highway,PANITYA,C,Jul-21
Mallee Highway,UNDERBOOL,C,Jul-21
Mallee Highway,WAGANT,C,Jul-21
Mallee Highway,WALPEUP,C,Jul-21
Mallee Highway,MANANGATANG,C,Oct-21
Mallee Highway,PIANGIL,C,Oct-21
Mallee Highway,PIANGIL WEST,C,Oct-21
Malvern Road,SOUTH YARRA,BC,May-22
Malvern Road,GLEN IRIS,C,May-22
Malvern Road,MALVERN EAST,C,May-22
Malvern Road,TOORAK,C,May-22
Manks Road,CLYDE,B,Mar-22
Manningham Street,PARKVILLE,BD,May-22
Mansfield-Whitfield Road,TOLMIE,ABC,Oct-21
Mansfield-Whitfield Road,BRIDGE CREEK,C,Oct-21
Mansfield-Woods Point Road,PIRIES,AC,Sep-21
Mansfield-Woods Point Road,JAMIESON,BCD,Sep-21
Mansfield-Woods Point Road,HOWQUA,C,Sep-21
Mansfield-Woods Point Road,MANSFIELD,C,Sep-21
Manuka Road,BERWICK,B,Mar-22
Maribyrnong Road,ASCOT VALE,BC,Apr-22
Marie Street,BORONIA,BC,Jul-21
Marine Parade,ELWOOD,BC,May-22
Market Road,WERRIBEE,C,Sep-21
Marlo Road,MARLO,BC,May-22
Marong Road,WEST BENDIGO,ACD,Apr-22
Maroondah Highway,YARCK,A,Sep-21
Maroondah Highway,HEALESVILLE,ABC,Aug-21
Maroondah Highway,MERTON,ABC,Sep-21
Maroondah Highway,COLDSTREAM,ABC,Jan-22
Maroondah Highway,LILYDALE,ABC,Jan-22
Maroondah Highway,BONNIE DOON,AC,Sep-21
Maroondah Highway,MAINDAMPLE,AC,Sep-21
Maroondah Highway,BUXTON,AC,Oct-21
Maroondah Highway,KANUMBRA,C,Sep-21
Maroondah Highway,MANSFIELD,C,Sep-21
Maroondah highway,WOODFIELD,C,Sep-21
Maroondah Highway,NARBETHONG,C,Oct-21
Maroondah Highway,TAGGERTY,C,Oct-21
Maroondah Link Highway,CATHKIN,C,Oct-21
Mary Street,HEYFIELD,ABCD,Jan-22
Maryborough Road,ASCOT,C,Nov-21
Maryborough-Ballarat Road,TALBOT,ACD,Nov-21
Maryborough-Dunolly Road,HAVELOCK,ABCD,Apr-22
Maryborough-Dunolly Road,BET BET,ACD,Apr-22
Marysville Road,GRANTON,C,Oct-21
Maryvale Road,MORWELL,BC,T
Mascoma Street,STRATHMORE,BC,Apr-22
Massey Avenue,RESERVOIR,BCD,Jan-22
McClelland Drive,LANGWARRIN,ABC,Jan-22
McCormick Road,KYABRAM,CD,Mar-22
McCormicks Road,SKYE,ABC,Jan-22
McCormicks Road,CARRUM DOWNS,ABC,Jan-22
McCurdy Road,HERNE HILL,BC,Jan-22
McDonalds Road,EPPING,BCD,Apr-22
McIvor Highway,LONGLEA,ACD,Apr-22
McIvor Highway,DERRINAL,C,Apr-22
McIvor Highway,KNOWSLEY,C,Apr-22
McKean Street,BAIRNSDALE,C,Sep-21
McKenzie Road,ECHUCA,CD,T
McKimmies Road,BUNDOORA,BCD,Apr-22
McMahens Road,BANGHOLME,C,Nov-21
McMahons Road,FRANKSTON,C,Jan-22
Meadowvale  Drive,GROVEDALE,BC,May-21
Medway Road,CRAIGIEBURN,C,Apr-22
Meeniyan-Promontory Road,BUFFALO,BC,T
Melaluka Road,LEOPOLD,ABC,Jan-22
Melba Highway,YARRA GLEN,ABC,Aug-21
Melba Highway,DIXONS CREEK,ABC,Jan-22
Melba Highway,LIMESTONE,AC,Oct-21
Melba Highway,DEVLIN BRIDGE,C,Oct-21
Melba Highway,GLENBURN,C,Oct-21
Melbourne Road,YEA,C,Oct-21
Melbourne Road,BLAIRGOWRIE,C,Jan-22
Melbourne Road,RYE,C,Jan-22
Melbourne-Lancefield Road,BOLINDA,AC,Nov-21
Melbourne-Lancefield Road,CLARKEFIELD,AC,Nov-21
Melbourne-Lancefield Road,ROMSEY,AC,Nov-21
Melbourne-Lancefield Road,SUNBURY,C,Apr-22
Melton Highway,HILLSIDE,ABC,May-22
Melton Highway,PLUMPTON,ABC,May-22
Melton Highway,MELTON,AC,May-22
Melton Highway,SYDENHAM,C,T
Melton Road,GISBORNE,AC,Nov-21
Melville Road,PASCOE VALE SOUTH,C,Apr-22
Menadue Street,HORSHAM,BC,Jul-21
Mernda Village Drive,MERNDA,BCD,Apr-22
Merriang Road,BEVERIDGE,ABCD,Apr-22
Merriang Road,WOODSTOCK,CD,Apr-22
Merton-Euroa Road,MERTON,AC,Sep-21
Metropolitan Ring Road,WATSONIA NORTH,ABC,Apr-22
Metung Road,SWAN REACH,AC,Sep-21
Mickleham Road,ATTWOOD,ABC,Apr-22
Mickleham Road,GREENVALE,ABC,Apr-22
Mickleham Road,TULLAMARINE,ABC,Apr-22
Mickleham Road,WESTMEADOWS,ABC,Apr-22
Mickleham Road,MICKLEHAM,AC,Apr-22
Mickleham Road,YUROKE,AC,Apr-22
Middleborough Road,BLACKBURN SOUTH,C,Apr-22
Midland Highway,ELAINE,ABC,Dec-21
Midland Highway,LIMA,AC,Sep-21
Midland Highway,MANSFIELD,AC,Sep-21
Midland Highway,BATESFORD,AC,Jan-22
Midland Highway,BENALLA,AC,Feb-22
Midland Highway,NALINGA,AC,Apr-22
Midland Highway,HUNTLY,ACD,Apr-22
Midland Highway,MAGPIE,BC,Sep-21
Midland Highway,GHERINGHAP,BC,Dec-21
Midland Highway,PINE LODGE SOUTH,BC,Apr-22
Midland Highway,SHEPPARTON EAST,BC,Apr-22
Midland Highway,GOORNONG,BCD,Apr-22
Midland Highway,MOUNT FRANKLIN,C,T
Midland Highway,MOUNT PROSPECT,C,T
Midland Highway,BARJARG,C,Sep-21
Midland Highway,BLAMPIED,C,Dec-21
Midland Highway,BANNOCKBURN,C,Dec-21
Midland Highway,BAGSHOT,C,Apr-22
Midland Highway,BARKERS CREEK,C,Apr-22
Midland Highway,CAMPBELLS CREEK,C,Apr-22
Midland Highway,CASTLEMAINE,C,Apr-22
Midland Highway,BYRNESIDE,C,Apr-22
Midland Highway,MOOROOPNA,C,Apr-22
Midland Highway,STEWARTON,C,Apr-22
Midland Highway,TATURA,C,Apr-22
Midland Highway,SWANPOOL,C,May-22
Midland Highway,COROP,CD,Mar-22
MIDLAND Highway,AVONMORE,CD,Apr-22
Midland Highway,WHITE HILLS,CD,Apr-22
Midland Highway,NEWLYN,BC,Dec-21
Midland Link Highway,MAINDAMPLE,ABC,Sep-21
Military Road,AVONDALE HEIGHTS,BC,Apr-22
Mill Park Drive,MILL PARK,C,Apr-22
Milleara Road,KEILOR EAST,C,Apr-22
Miller Street,EPPING,AC,Apr-22
Millers Road,ALTONA,C,Sep-21
Millers Road,ALTONA NORTH,C,Sep-21
Millewa Road,KOORLONG,C,Jul-21
Millewa Road,RED CLIFFS,C,Jul-21
Mitcham Road,DONVALE,BCD,Mar-22
Mitcham Road,MITCHAM,C,Apr-22
Mitchell Street,MAIDSTONE,C,Sep-21
Mitford Street,ELWOOD,BCD,May-22
Moe-Glengarry Road,YALLOURN NORTH,AC,T
Moe-Rawson Road,MOONDARRA,AC,Apr-22
Moe-Willow Grove Road,WILLOW GROVE,AC,Apr-22
Monaro Highway,NOORINBEE,ABC,May-22
Monash Freeway,HALLAM,AC,Mar-22
Monash Road,NEWBOROUGH,ABC,T
Monash Street,SUNSHINE,ABC,T
Monash Way,CHURCHILL,ABC,T
Monbulk Road,SILVAN,ABC,T
Mont Albert Road,CANTERBURY,C,Apr-22
Montague Street,SOUTH MELBOURNE,ABCD,May-22
Montague Street,ALBERT PARK,BCD,May-22
Moore Street,MOE,ABC,T
Moore Street,WARRNAMBOOL,C,Nov-21
Moorooduc Highway,BAXTER,BC,Jan-22
Moorooduc Highway,FRANKSTON SOUTH,C,Jan-22
Moorooduc Highway,MOOROODUC,C,Jan-22
Mooroopna-Murchison Road,MURCHISON,BC,Apr-22
Mooroopna-Murchison Road,OLD TOOLAMBA,BC,Apr-22
Moran Street,PICOLA,BC,Oct-21
Moran Street,LONG GULLY,BCD,Apr-22
Morang Drive,MILL PARK,C,Apr-22
Moray Street,SOUTH MELBOURNE,BCD,May-22
Moreland Road,BRUNSWICK,C,Apr-22
Mornington Peninsula Freeway,ROSEBUD,ABC,Jan-22
Mornington Peninsula Freeway,CHELSEA HEIGHTS,C,T
Mornington Peninsula Freeway,BANGHOLME,C,T
Mornington Peninsula Freeway,PATTERSON LAKES,C,T
Mornington-Tyabb Road,TYABB,C,Jan-22
Morpung Avenue,IRYMPLE,BC,Jul-21
Morris Road,HOPPERS CROSSING,C,Sep-21
Mortlake-Ararat Road,DENICULL CREEK,C,Jul-21
Mortlake-Ararat Road,MAROONA,C,Jul-21
Mossfiel Drive,HOPPERS CROSSING,C,Sep-21
Mount Buffalo Road,POREPUNKAH,BC,May-21
Mount Buller Road,MERRIJIG,ABC,Sep-21
Mount Buller Road,SAWMILL SETTLEMENT,ABC,Sep-21
Mount Buller Road,MANSFIELD,AC,Sep-21
Mount Dandenong Road,CROYDON,ABC,Apr-22
Mount Dandenong Tourist Road,KALORAMA,ABC,Jul-21
Mount Dandenong Tourist Road,MONTROSE,ABC,Jul-21
Mount Macedon Road,WOODEND,C,Nov-21
Mount Napier Road,HAMILTON,BC,Apr-22
Mount Pleasant Road,ELTHAM,BC,Apr-22
Mount Ridley Road,CRAIGIEBURN,AC,Apr-22
Mountain Highway,BORONIA,ABC,Jul-21
Mountain View Road,MONTMORENCY,AC,Dec-21
Mountain View Road,GREENSBOROUGH,BC,Apr-22
Mt Alexander Road,ESSENDON,ABC,Apr-22
Mt Buller Road,MERRIJIG,BCD,Feb-22
Murchison-Tatura Road,DHURRINGILE,BC,Apr-22
Murchison-Tatura Road,TATURA,BC,Apr-22
Murchison-Violet Town Road,ARCADIA SOUTH,AC,Oct-21
Murchison-Violet Town Road,MURCHISON EAST,BC,Apr-22
Murchison-Violet Town Road,MIEPOLL,C,Oct-21
Murdoch Road,WANGARATTA,BC,May-21
Murphy Street,EAST BENDIGO,C,Apr-22
Murradoc Road,DRYSDALE,ABC,Jan-22
Murradoc Road,ST LEONARDS,BC,May-21
Murray Road,COBURG,C,Apr-22
Murray Valley Highway,COBRAM EAST,ABC,Oct-21
Murray Valley Highway,STRATHMERTON,ABC,Oct-21
Murray Valley Highway,YARRAWONGA,ABC,Oct-21
Murray Valley Highway,BRIMIN,ABC,Oct-21
Murray Valley Highway,BROWNS PLAINS,ABC,Oct-21
Murray Valley Highway,TORRUMBARRY,ABC,Mar-22
Murray Valley Highway,WHARPARILLA,ABCD,Mar-22
Murray Valley Highway,ECHUCA,ACD,Mar-22
Murray Valley Highway,MYSTIC PARK,BC,T
Murray Valley Highway,COHUNA,BC,Oct-21
Murray Valley Highway,KENLEY,BC,Oct-21
Murray Valley Highway,MEAD,BC,Oct-21
Murray Valley Highway,SWAN HILL,BC,Oct-21
Murray Valley Highway,WEE WEE RUP,BC,Oct-21
Murray Valley Highway,BARNAWARTHA,BC,Oct-21
Murray Valley Highway,BERRINGAMA,BC,Oct-21
Murray Valley Highway,CUDGEWA,BC,Oct-21
Murray Valley Highway,TALLANGATTA,BC,Oct-21
Murray Valley Highway,GUNBOWER,BC,Mar-22
Murray Valley Highway,LEITCHVILLE,BC,Mar-22
Murray Valley Highway,TRESCO,C,T
Murray Valley Highway,BUNDALONG,C,Oct-21
Murray Valley Highway,BEVERFORD,C,Oct-21
Murray Valley Highway,BOUNDARY BEND,C,Oct-21
Murray Valley Highway,FAIRLEY,C,Oct-21
Murray Valley Highway,KERANG,C,Oct-21
Murray Valley Highway,KERANG EAST,C,Oct-21
Murray Valley Highway,LAKE BOGA,C,Oct-21
Murray Valley Highway,LAKE CHARM,C,Oct-21
Murray Valley Highway,LAKE POWELL,C,Oct-21
Murray Valley Highway,NARRUNG,C,Oct-21
Murray Valley Highway,NYAH,C,Oct-21
Murray Valley Highway,PIAMBIE,C,Oct-21
Murray Valley Highway,PIANGIL,C,Oct-21
Murray Valley Highway,VINIFERA,C,Oct-21
Murray Valley Highway,WOOD WOOD,C,Oct-21
Murray Valley Highway,BONEGILLA,C,Oct-21
Murray Valley Highway,BULLIOH,C,Oct-21
Murray Valley Highway,EBDEN,C,Oct-21
Murray Valley Highway,RED BLUFF,C,Oct-21
Murray Valley Hwy,TOWONG UPPER,C,Oct-21
Murrumbeena Road,MURRUMBEENA,C,May-22
Must Street,PORTLAND,C,Oct-21
Myers Road,BITTERN,BC,Jan-22
Myrtlebank Road,MYRTLEBANK,ABC,Jan-22
Myrtleford-Yackandandah Road,MUDGEGONGA,BC,T
Napier Street,STRATHMORE,C,Apr-22
Nelson Road,LILYDALE,BCD,Mar-22
Nepean Highway,MORNINGTON,ABC,Jan-22
Nepean Highway,MOUNT ELIZA,ABC,Jan-22
Nepean Highway,BRIGHTON EAST,AC,May-22
Nepean Highway,EDITHVALE,AC,May-22
Nepean Highway,SEAFORD,C,Jan-22
Nepean Highway,PARKDALE,C,May-22
Nepean Highway,ELSTERNWICK,C,May-22
Nerowie Road,PARWAN,C,May-22
New Dookie Road,GRAHAMVALE,BC,Apr-22
Newlands Road,RESERVOIR,BCD,Apr-22
Newlands Road,COBURG NORTH,C,Apr-22
Nicholson Street,BRUNSWICK EAST,BCD,Apr-22
Nicholson Street,COBURG,C,Apr-22
Noble Street,NOBLE PARK,CD,Nov-21
Nolan Street,NORTH BENDIGO,ABCD,Apr-22
Norman Street,WENDOUREE,C,Nov-21
Normanby Avenue,THORNBURY,C,Apr-22
Normanby Drive,GREENVALE,BC,Apr-22
Normanby Street,WARRAGUL,BC,Apr-22
North Boundary Road,HAMILTON,C,Apr-22
North Road,LANGWARRIN,ABC,Jan-22
North Road,PEARCEDALE,B,Mar-22
North Road,BRIGHTON EAST,C,May-22
Northern Highway,PYALONG,ABC,Oct-21
Northern Highway,ECHUCA,ABC,Mar-22
Northern Highway,MYOLA,ABC,Mar-22
NORTHERN Highway,ELMORE,ACD,Apr-22
Northern Highway,TOOBORAC,BC,Oct-21
Northern Highway,ELMORE,BCD,Apr-22
Northern Highway,BYLANDS,C,Sep-21
Northern Highway,KILMORE,C,Sep-21
Northern Highway,HIGH CAMP,C,Oct-21
Northern Highway,STRATHALLAN,C,Mar-22
Northgate Drive,THOMASTOWN,ABCD,Apr-22
Northumberland Road,PASCOE VALE,ABC,Apr-22
Oak Street,PARKVILLE,ABC,May-22
Oaklands Road,BULLA,AC,Apr-22
Oaklands Road,OAKLANDS JUNCTION,BC,Apr-22
Oakwood Road,ALBANVALE,C,T
Oberon Avenue,ST ALBANS,C,T
Ogilvie Avenue,ECHUCA,C,Mar-22
O'Gradys Road,CARRUM DOWNS,ABC,Jan-22
O'Gradys Road,KILMORE EAST,C,Sep-21
Oherns Road,EPPING,BCD,Jan-22
O'Herns Road,EPPING,BCD,Apr-22
Old Dandenong Road,OAKLEIGH SOUTH,C,May-22
Old Melbourne Road,TRARALGON,ABC,T
Old Sale Road,DROUIN WEST,C,Apr-22
Old Warrandyte Road,DONVALE,C,Apr-22
Old Western Highway,GORDON,ABC,Dec-21
O'Leary Way,MADDINGLEY,ABCD,Jul-21
Olympic Parade,MAIDEN GULLY,ABC,Apr-22
Olympic Parade,KANGAROO FLAT,ACD,Apr-22
Omeo Highway,ESKDALE,ABC,Oct-21
Omeo Highway,MITTA MITTA,ABC,Oct-21
O'Neil Road,BEACONSFIELD,BC,Apr-22
Ontario Avenue,MILDURA,BCD,Mar-22
Oriel Road,IVANHOE,C,Apr-22
Ormond Esplanade,ELWOOD,BC,May-22
Ormond Road,EAST GEELONG,BC,Jan-22
Ormond Road,MOONEE PONDS,C,Apr-22
Orrong Road,TOORAK,C,May-22
Outlook Drive,DANDENONG NORTH,BC,Nov-21
Overland Drive,DOREEN,BCD,Apr-22
Overport Road,FRANKSTON,C,Jan-22
Overton Lea Boulevard,SYDENHAM,BC,T
Oxley Flats Road,WANGARATTA,ABC,May-21
Palmerston Street,MELTON,C,May-22
Panorama Avenue,LOWER PLENTY,BC,Apr-22
Panton Street,GOLDEN SQUARE,CD,Apr-22
Parer Road,AIRPORT WEST,BC,Apr-22
Park Lane,TRARALGON,ABC,T
Park Road,CHELTENHAM,AC,May-22
Park Road,MARYBOROUGH,BCD,Apr-22
Park Road,DONVALE,C,Apr-22
Park Road,PARK ORCHARDS,C,Apr-22
Park Street,PARKVILLE,BCD,May-22
Parkside Drive,SHEPPARTON,ABC,Apr-22
Parwan-Exford Road,PARWAN,C,May-22
Pascoe Vale Road,GLENROY,ABC,Apr-22
Pascoe Vale Road,JACANA,ABC,Apr-22
Pascoe Vale Road,COOLAROO,ABCD,Apr-22
Pascoe Vale Road,MEADOW HEIGHTS,ABCD,Apr-22
Pascoe Vale Road,OAK PARK,AC,Apr-22
Pascoe Vale Road,PASCOE VALE,AC,Apr-22
Pascoe Vale Road,ESSENDON,C,Apr-22
Pascoe Vale Road,STRATHMORE,C,Apr-22
Patten Street,SALE,C,Jan-22
Patterson Avenue,KEILOR,C,T
Paynesville Road,BAIRNSDALE,ABC,Sep-21
Paynesville Road,EAGLE POINT,C,Sep-21
Pearcedale Road,CRANBOURNE SOUTH,B,Mar-22
Pearcedale Road,PEARCEDALE,B,Mar-22
Peel Street,BALLARAT,C,Nov-21
Perkins Road,LARA,ABCD,Nov-21
Perry Road,KEYSBOROUGH,CD,Nov-21
Peter Ross-Edwards Causeway,SHEPPARTON,ABC,Apr-22
Phillip Island Road,SURF BEACH,AC,T
Pickles Street,ALBERT PARK,ABCD,May-22
Pillars Road,BANGHOLME,BC,Nov-21
Pine Park Drive,WOLLERT,BCD,Dec-21
Pioneer Road,GROVEDALE,BC,Jan-22
Pitt Street,ELTHAM,BC,Apr-22
Plantation Road,CORIO,BC,Jan-22
Plenty River Drive,GREENSBOROUGH,BC,Apr-22
Plenty Road,RESERVOIR,ABCD,Apr-22
Plenty Road,YAN YEAN,AC,Apr-22
Plenty Road,MERNDA,BCD,Apr-22
Plummer Street,PORT MELBOURNE,BCD,May-22
Plumpton Road,PLUMPTON,ABC,May-22
Plumpton Road,FRASER RISE,ABCD,May-22
Poath Road,HUGHESDALE,B,May-22
Point Cook Road,POINT COOK,BC,Sep-21
Point Nepean Road,DROMANA,C,Jan-22
Point Nepean Road,MCCRAE,C,Jan-22
Point Richards Road,PORTARLINGTON,BC,May-21
Police Road,SPRINGVALE,C,Nov-21
Pollack Street,COLAC,C,Jan-22
Port Fairy Road,BYADUK,C,Apr-22
Port Fairy Road,HAMILTON,C,Apr-22
Portarlington Road,MOOLAP,AC,Jan-22
Portarlington-Queenscliff Road,MANNERIM,ABC,May-21
Portland-Casterton Road,SANDFORD,C,Oct-21
Portland-Nelson Road,MOUNT RICHMOND,ABC,Oct-21
Portland-Nelson Road,PORTLAND,C,Oct-21
Pound Road,HAMPTON PARK,ABC,Mar-22
Pound Road,NARRE WARREN SOUTH,C,Mar-22
Powells Avenue,EAST BENDIGO,C,Apr-22
Power Road,ENDEAVOUR HILLS,B,Mar-22
Powerscourt Street,MAFFRA,C,Jan-22
Powlett Street,INVERLOCH,BC,T
Prince Street,ROSEDALE,C,Jan-22
Princes  Freeway,LONGWARRY,ABCD,Apr-22
Princes  Freeway,WARRAGUL,ABCD,Apr-22
Princes  Highway,MUNRO,ABC,Jan-22
Princes  Highway,MOE,ABCD,T
Princes  Highway,TRAFALGAR,C,Apr-22
Princes Drive,MORWELL,ABCD,T
Princes Freeway,BUNYIP,ABC,Apr-22
Princes Freeway,WARRAGUL,ABC,Apr-22
Princes Freeway,MORWELL,ABCD,T
Princes Freeway,NEWBOROUGH,ABCD,T
Princes Freeway,LONGWARRY NORTH,ABCD,Apr-22
Princes Freeway,DROUIN,ABCD,Apr-22
Princes Freeway,TYNONG,AC,Apr-22
Princes Freeway,DARNUM,ACD,Apr-22
Princes Freeway,NILMA,ACD,Apr-22
Princes Freeway,TRAFALGAR,ACD,Apr-22
Princes Freeway,GARFIELD,B,Apr-22
Princes Freeway,PAKENHAM,BC,Apr-22
Princes Freeway,NAR NAR GOON,BC,Apr-22
Princes Freeway,LONGWARRY,BCD,Apr-22
Princes Highway,WERRIBEE,ABC,Sep-21
Princes Highway,TERANG,ABC,Nov-21
Princes Highway,BELMONT,ABC,Jan-22
Princes Highway,HALLAM,ABC,Mar-22
Princes Highway,NAR NAR GOON,ABC,Apr-22
Princes Highway,PAKENHAM,ABC,Apr-22
Princes Highway,LONGWARRY NORTH,ABC,Apr-22
Princes Highway,GENOA,ABC,May-22
Princes Highway,FLYNN,ABCD,T
Princes Highway,MOE,ABCD,T
Princes Highway,TRARALGON,ABCD,T
Princes Highway,TRARALGON EAST,ABCD,May-21
Princes Highway,HEYWOOD,AC,Oct-21
Princes Highway,BERWICK,AC,Mar-22
Princes Highway,CANN RIVER,AC,May-22
Princes Highway,CLUB TERRACE,AC,May-22
Princes Highway,JOHNSONVILLE,BC,Sep-21
Princes Highway,LAKES ENTRANCE,BC,Sep-21
Princes Highway,NOWA NOWA,BC,Sep-21
Princes Highway,POMBORNEIT,BC,Nov-21
Princes Highway,PORT FAIRY,BC,Nov-21
Princes Highway,PIRRON YALLOCK,BC,Jan-22
Princes Highway,OFFICER,BC,Apr-22
Princes Highway,TOSTAREE,BC,May-22
Princes Highway,WINCHELSEA,BCD,Jan-22
Princes Highway,LUCKNOW,C,Sep-21
Princes Highway,DRUMBORG,C,Oct-21
Princes Highway,GREENWALD,C,Oct-21
Princes Highway,MUMBANNAR,C,Oct-21
Princes Highway,NARRAWONG,C,Oct-21
Princes Highway,TYRENDARRA,C,Oct-21
Princes Highway,WINNAP,C,Oct-21
Princes Highway,ALLANSFORD,C,Nov-21
Princes Highway,SPRINGVALE,C,Nov-21
Princes Highway,FULHAM,C,Jan-22
Princes Highway,CABBAGE TREE CREEK,C,May-22
Princes Highway,MANORINA,C,May-22
Princes Highway,NEWMERELLA,C,May-22
Princes Highway,ORBOST,C,May-22
Princes Highway,WAYGARA,C,May-22
Princes Highway,MCKENZIE RIVER,C,May-22
Princes Way,WARRAGUL,ABCD,Apr-22
Princes Way,LONGWARRY,ACD,Apr-22
Princes Way,DROUIN,BCD,Apr-22
Princess Road,CORIO,BC,Jan-22
Progress Road,ELTHAM NORTH,BC,Apr-22
Promontory Road,YANAKIE,C,T
Prospect Hill Road,NARRE WARREN,BC,Mar-22
Prouses Road,NORTH BENDIGO,ABCD,Apr-22
Prouses Road,CALIFORNIA GULLY,BCD,Apr-22
Purches Street,MITCHAM,C,Apr-22
Pyke Street,QUARRY HILL,C,Apr-22
Pyrenees Highway,ARARAT,BC,Jul-21
Pyrenees Highway,AMPHITHEATRE,BC,Nov-21
Pyrenees Highway,ELMHURST,BC,Nov-21
Pyrenees Highway,EVERSLEY,C,Jul-21
Quarry Road,LANGWARRIN,ABC,Jan-22
Queen Street,MAFFRA,B,Jan-22
Queen Street,WARRAGUL,BCD,Apr-22
Queen Street,ALTONA,C,Sep-21
Queens Avenue,CAULFIELD EAST,AC,Sep-21
Racecourse Road,PAKENHAM,BC,Apr-22
Radford Road,RESERVOIR,ABCD,May-22
Raftery Road,KIALLA,C,Apr-22
Raglan Street,PRESTON,AC,Apr-22
Raglan Street,SALE,C,Jan-22
Railway Avenue,WERRIBEE,C,Sep-21
Raleigh Street,WESTMEADOWS,C,Apr-22
Ranfurly Way,MILDURA,AC,Jul-21
Rattray Road,MONTMORENCY,AC,Apr-22
Rea Street,SHEPPARTON,ABC,Apr-22
Recreation Road,YAN YEAN,B,Apr-22
Rees Road,MELTON SOUTH,C,May-22
Reeve Street,SALE,C,Jan-22
Regent Street,MERNDA,BCD,Apr-22
Reid Parade,HASTINGS,AB,Jan-22
Remembrance Drive,CARDIGAN,AC,Nov-21
Research Warrandyte Road,RESEARCH,BC,Apr-22
Research-Warrandyte Road,NORTH WARRANDYTE,BC,Dec-21
Research-Warrandyte Road,RESEARCH,BC,Apr-22
Reserve Road,CHELTENHAM,AC,May-22
Reservoir Road,KENNINGTON,C,Apr-22
Reservoir Road,SUNBURY,C,Apr-22
Retreat Road,SPRING GULLY,BCD,Apr-22
Reynolds Parade,PASCOE VALE SOUTH,C,Apr-22
Reynolds Road,TEMPLESTOWE,ABC,Apr-22
Rhodes Parade,PASCOE VALE,C,Apr-22
Riddell Road,SUNBURY,AC,Apr-22
Riggall Street,DALLAS,C,Apr-22
Rippon Road,HAMILTON,BC,Apr-22
River Drive,TARWIN LOWER,C,T
River Road,MURCHISON,C,Apr-22
Riverine Street,BAIRNSDALE,C,Sep-21
Riverview Drive,KIALLA,BC,Apr-22
Robertson Drive,MORNINGTON,BCD,Jan-22
Robinsons Road,FRANKSTON,ABC,Jan-22
Robinsons Road,PEARCEDALE,B,Mar-22
Robinvale-Sea Lake Road,ROBINVALE,BC,Oct-21
Rockbank Middle Road,CAROLINE SPRINGS,C,May-22
Rohs Road,EAST BENDIGO,BCD,Apr-22
Rosebank Avenue,RINGWOOD NORTH,BC,Jul-21
Rosedale-Heyfield Road,WINNINDOO,ABC,Jan-22
Rosedale-Longford Road,LONGFORD,ABC,Jan-22
Rosehill Road,LOWER PLENTY,BCD,Apr-22
Rosehill Road,KEILOR EAST,C,Apr-22
Ross Road,CROYDON,ABCD,Jul-21
Rowan Drive,KEALBA,C,T
Rowes Road,WERRIBEE,C,Sep-21
Roxburgh Park Drive,ROXBURGH PARK,C,Apr-22
Royal Parade,PARKVILLE,A,May-22
Rushworth Road,MURCHISON,BC,Apr-22
Rushworth Tatura Road,RUSHWORTH,BC,Mar-22
Rushworth-Tatura Road,RUSHWORTH,C,Mar-22
Russell Street,CASTERTON,C,Oct-21
Russell Street,BALLARAT,C,Nov-21
Ryans Road,ELTHAM NORTH,ABCD,Apr-22
Ryrie Street,GEELONG,BCD,May-21
Sages Road,BAXTER,BC,Jan-22
Sailors Gully Road,EAGLEHAWK,C,Apr-22
Sailors Gully Road,SAILORS GULLY,C,Apr-22
Sale-Heyfield Road,DENISON,ABC,Jan-22
Sale-Heyfield Road,FULHAM,C,Jan-22
Salmon Street,PORT MELBOURNE,BCD,May-22
Saltlake Boulevard,WOLLERT,BCD,Dec-21
Saltwater Promenade,POINT COOK,BC,Sep-21
Samaria Road,BENALLA,C,Oct-21
Sand Road,LONGWARRY,ACD,Apr-22
Sanders Road,HAZELWOOD NORTH,BC,T
Sandhurst Road,CALIFORNIA GULLY,ABCD,Apr-22
Sandilong Avenue,IRYMPLE,BC,Jul-21
Sandpiper Drive,TAYLORS LAKES,BC,T
Saxonwood Drive,NARRE WARREN,BC,Mar-22
Sayers Road,HOPPERS CROSSING,C,Sep-21
Scanlon Drive,EPPING,BCD,Apr-22
Schotters Road,MERNDA,C,Apr-22
Seaford Road,SEAFORD,C,Jan-22
Seaspray Road,LONGFORD,C,Jan-22
Seaspray Road,SEASPRAY,C,Jan-22
Sebastopol-Smythesdale Road,ROSS CREEK,BC,T
Selkirk Road,WOODSTOCK,AC,Apr-22
Serpells Road,TEMPLESTOWE,BC,Apr-22
Service Street,CLUNES,C,T
Settlement Road,THOMASTOWN,ABCD,Apr-22
Settlement Road,COWES,C,T
Seventh Street,MILDURA,C,Jul-21
Seymour-Avenel Road,SEYMOUR,C,Oct-21
Seymour-Tooborac Road,PUCKAPUNYAL,C,Oct-21
Seymour-Tooborac Road,SEYMOUR,C,Oct-21
Seymour-Tooborac Road,TOOBORAC,C,Oct-21
Shakespeare Street,HAMILTON,C,Apr-22
Shanahan Parade,NEWBOROUGH,AC,T
Shaws Road,WERRIBEE,C,Sep-21
Shearwater Drive,PAKENHAM,BC,Apr-22
Sheepwash Road,BARWON HEADS,BC,Jan-22
Shelford-Bannockburn Road,TEESDALE,ABC,Dec-21
Shell Road,OCEAN GROVE,ABC,May-21
Shell Road,POINT LONSDALE,ABC,May-21
Sherbourne Road,MONTMORENCY,C,Apr-22
Shrives Road,NARRE WARREN,B,Mar-22
Simpsons Road,EAGLEHAWK,BCD,Apr-22
Sixteenth Street,MILDURA SOUTH,AC,Jul-21
Sixteenth Street,IRYMPLE,BC,Jul-21
Skene Street,WARRNAMBOOL,C,Nov-21
Skye Road,FRANKSTON,ABC,Jan-22
Sladen Street,CRANBOURNE,BC,Mar-22
Smithfield Road,KENSINGTON,ABC,May-22
Sneydes Road,WERRIBEE,BC,Sep-21
Soldiers Road,CLYDE NORTH,ABCD,Mar-22
Somerton Park Road,SALE,C,Jan-22
Somerton Road,GREENVALE,ABC,Apr-22
Somerton Road,BULLA,AC,Apr-22
Somerville  Road,YARRAVILLE,BC,Jan-22
Somerville Road,YARRAVILLE,BCD,Jan-22
South Boundary Road,HAMILTON,BC,Apr-22
South Gippsland Highway,BENA,A,T
South Gippsland Highway,CLYDE,ABCD,Mar-22
South Gippsland Highway,CRANBOURNE EAST,ABCD,Mar-22
South Gippsland Highway,DEVON MEADOWS,ABCD,Mar-22
South Gippsland Highway,YARRAM,AC,Jan-22
South Gippsland Highway,LANG LANG,AC,Apr-22
South Gippsland Highway,TOORADIN,BC,Mar-22
South Gippsland Highway,RUBY,C,T
South Gippsland Highway,WELSHPOOL,C,T
South Gippsland Highway,ALBERTON,C,Jan-22
South Gippsland Highway,HEDLEY,C,Jan-22
South Gippsland Highway,LONGFORD,C,Jan-22
South Gippsland Highway,STRADBROKE,C,Jan-22
South Gippsland Highway,FIVE WAYS,C,Mar-22
South Road,MOORABBIN,ABC,May-22
South Road,HAMPTON,AC,May-22
South Street,HADFIELD,BC,Apr-22
Southern Road,HEIDELBERG HEIGHTS,C,Apr-22
Specimen Hill Road,GOLDEN SQUARE,CD,Apr-22
Spencer Street,MELBOURNE,ABCD,May-22
Spring Gully Road,SPRING GULLY,ABCD,Apr-22
Spring Road,DINGLEY VILLAGE,C,May-22
Spring Road,SPRINGVALE SOUTH,CD,Nov-21
Spring Street,PRESTON,ABCD,Apr-22
Springfield Road,BLACKBURN NORTH,C,Apr-22
Springfield Road,MITCHAM,C,Apr-22
Springs Road,CLARINDA,AC,Sep-21
Springvale Road,FOREST HILL,ABCD,Apr-22
Springvale Road,KEYSBOROUGH,AC,Nov-21
Springvale Road,NUNAWADING,BC,Apr-22
St Aidans Road,KENNINGTON,ABCD,Apr-22
St Albans Road,ST ALBANS,C,T
St Arnaud-Wycheproof Road,WOOROONOOK,C,Oct-21
St Georges Road,CORIO,ABCD,Jun-21
St Georges Road,THORNBURY,BCD,Apr-22
St Georges Road,TOORAK,BCD,May-22
St James Road,ROSANNA,BCD,Dec-21
St Kilda Road,ST KILDA,ABCD,Jan-22
Station Road,MELTON SOUTH,C,May-22
Station Street,EPSOM,ABCD,Apr-22
Station Street,FAIRFIELD,AC,Apr-22
Station Street,OFFICER,B,Apr-22
Station Street,POREPUNKAH,BCD,Jun-21
Station Street,BOX HILL,C,Apr-22
Station Street,BOX HILL NORTH,C,Apr-22
Station Street,BOX HILL SOUTH,C,Apr-22
Stawell - Avoca Road,STAWELL,ABC,Dec-21
Stawell-Warracknabeal Road,WARRACKNABEAL,B,T
Stawell-Warracknabeal Road,GLENORCHY,C,Jul-21
Stawell-Warracknabeal Road,SHEEP HILLS,C,Jul-21
Stead Street,SALE,BC,Jan-22
Stephensons Road,MOUNT WAVERLEY,C,Apr-22
Sternberg Street,KENNINGTON,CD,Apr-22
Stony Point Road,CRIB POINT,BC,Jan-22
Strachans Road,MORNINGTON,BC,Jan-22
Stratford-Maffra Road,MAFFRA,C,Jan-22
Strathallan Road,MACLEOD,B,Apr-22
Strathkellar Road,STRATHKELLAR,AC,Apr-22
Strickland Road,EAST BENDIGO,ABCD,Apr-22
Strzelecki Highway,BERRYS CREEK,A,T
Strzelecki Highway,MIRBOO NORTH,A,T
Strzelecki Highway,DRIFFIELD,ABC,T
Strzelecki Highway,TEN MILE CREEK,ABC,T
Strzelecki Highway,DELBURN,B,T
Stubbs Street,KENSINGTON,BCD,May-22
Stud Road,ROWVILLE,ABC,Apr-22
Studley Road,EAGLEMONT,BCD,Jan-22
Sturt Highway,KARAWINNA,ABC,Jul-21
Sturt Highway,YARRARA,ABC,Jul-21
Sturt Highway,MERBEIN SOUTH,BC,Jul-21
Sturt Highway,MERINGUR,C,Jul-21
Sturt Highway,MERRINEE,C,Jul-21
Sturt Highway,WARGAN,C,Jul-21
Sunbury Road,SUNBURY,AC,Apr-22
Sunraysia Highway,ADDINGTON,ABC,Aug-21
Sunraysia Highway,LAMPLOUGH,BC,Nov-21
Sunraysia Highway,LEARMONTH,BC,Nov-21
Sunraysia Highway,TANWOOD,BC,Nov-21
Sunraysia Highway,BRONZEWING,C,Jul-21
Sunraysia Highway,GYPSUM,C,Jul-21
Sunraysia Highway,CARAPOOEE,C,Jul-21
Sunraysia Highway,STUART MILL,C,Jul-21
Sunraysia highway,SWANWATER,C,Jul-21
Sunraysia Highway,BIRCHIP,C,Oct-21
Sunraysia Highway,DONALD,C,Oct-21
Sunraysia Highway,LEXTON,C,Nov-21
Sunraysia Highway,GAMA,BC,Jul-21
Sunshine Avenue,KEILOR DOWNS,ABC,T
Sutton Street,WARRAGUL,CD,Apr-22
Swansea Road,LILYDALE,ABC,Jan-22
Swansea Road,MONTROSE,C,T
Sydenham Road,SYDENHAM,C,T
Sydney Road,FAWKNER,ABCD,Apr-22
Sydney Road,CRAIGIEBURN,ABCD,Apr-22
Sydney Road,CAMPBELLFIELD,AC,Apr-22
Symonds Street,GOLDEN SQUARE,ACD,Apr-22
Taggerty-Thornton Road,THORNTON,C,Oct-21
Tannery Lane,MANDURANG,ACD,Apr-22
Tarcombe Road,SEYMOUR,BC,Oct-21
Tarcombe Street,EUROA,C,T
Tarneit Road,HOPPERS CROSSING,ABC,Sep-21
Tatura-Undera Road,GILLIESTON,BC,Apr-22
Taylor Street,ASCOT,BC,Apr-22
Taylors Lane,ROWVILLE,BC,Apr-22
Taylors Road,CAROLINE SPRINGS,ABC,May-22
Taylors Road,TAYLORS HILL,ABC,May-22
Taylors Road,ST ALBANS,AC,T
Taylors Road,PLUMPTON,BC,May-22
Templeton Street,WANTIRNA,ABC,T
Templewood Crescent,AVONDALE HEIGHTS,BCD,Apr-22
Tennyson Street,ELWOOD,BCD,May-22
Thacker Street,OCEAN GROVE,BC,May-21
The Avenue,SPOTSWOOD,C,Sep-21
The Avenue,SUNBURY,C,Apr-22
The Avenue of Honour,BACCHUS MARSH,BC,Nov-21
The Boulevard,SHEPPARTON,BC,Apr-22
The Boulevard,PORT MELBOURNE,BCD,May-22
The Esplanade,TORQUAY,BC,Jan-22
The Eyrie,EAGLEMONT,B,Apr-22
The Lakes Boulevard,SOUTH MORANG,BC,Apr-22
Thistle Street,GOLDEN SQUARE,BCD,Apr-22
Thomas Street,BRIGHTON EAST,AC,May-22
Thompson Road,NORTH GEELONG,BC,May-21
Thompson Road,NORLANE,BC,Jan-22
Thompsons Road,CRANBOURNE,BC,Mar-22
Thornhill Road,HIGHTON,ABCD,May-21
Timbertop  Drive,DOREEN,BCD,Dec-21
Timbertop Drive,DOREEN,BCD,Apr-22
Tinks Road,NARRE WARREN,B,Mar-22
Tobin Street,ARARAT,BC,Jul-21
Todd Road,FISHERMENS BEND,BCD,May-22
Tomahawk Creek Road,PIRRON YALLOCK,ABC,Jan-22
Tomahawk Creek Road,IRREWILLIPE,BC,Jan-22
Toolamba road,MOOROOPNA,BC,Apr-22
Toomuc Valley Road,PAKENHAM,BC,Apr-22
Toorak Road,SOUTH YARRA,ABCD,May-22
Toorak Road,TOORAK,ABCD,May-22
Tooronga Road,GLEN IRIS,ABCD,May-22
Tooronga Road,HAWTHORN EAST,AC,Apr-22
Tooronga Road,MALVERN EAST,C,May-22
Torbay Street,MACLEOD,AC,Apr-22
Traralgon Creek Road,TRARALGON SOUTH,ABC,T
Traralgon West Road,MARYVALE,AC,T
Traralgon-Maffra Road,GLENGARRY,ABC,T
Traralgon-Maffra Road,HEYFIELD,ABC,Jan-22
Traralgon-Maffra Road,COWWARR,ABCD,Jan-22
Traralgon-Maffra Road,DENISON,C,Jan-22
Traralgon-Maffra Road,MAFFRA,C,Jan-22
Trentham Road,TYLDEN,CD,Nov-21
Truemans Road,TOOTGAROOK,C,Jan-22
Tucker Road,BENTLEIGH,AB,May-22
Tuckfield Street,OCEAN GROVE,BC,May-21
Twentieth Street,CARDROSS,C,Jul-21
Twentieth Street,KOORLONG,C,Jul-21
Twyford Road,CLYDE,B,Mar-22
Tyabb-Tooradin Road,PEARCEDALE,B,Mar-22
Tyers Street,STRATFORD,C,Jan-22
Union Road,SURREY HILLS,BCD,Apr-22
Union Road,BALWYN,C,Apr-22
Union Street,BRIGHTON EAST,B,May-22
Upper California Gully Road,CALIFORNIA GULLY,ABCD,Apr-22
Upper Heidelberg Road,IVANHOE,B,Apr-22
Valley Drive,WALLAN,BC,May-21
Ventnor Road,VENTNOR,C,T
Victa Road,EAST BENDIGO,ABCD,Apr-22
Victoria Street,CARISBROOK,ABC,Nov-21
Victoria Street,BRUNSWICK,ABC,Apr-22
Victoria Street,PRESTON,BC,Apr-22
Victoria Street,IRONBARK,BCD,Apr-22
Victoria Street,WARRAGUL,BCD,Apr-22
Victoria Street,ALTONA MEADOWS,C,Sep-21
Victoria Street,WILLIAMSTOWN,C,Sep-21
Victoria Street,HAMILTON,C,Apr-22
View Street,ST ALBANS,C,T
Villa Road,SPRINGVALE,BCD,Mar-22
Vincent Avenue,ST ALBANS,C,T
Vineyard Road,SUNBURY,ABC,Apr-22
Wahring-Murchison East Road,MURCHISON EAST,C,Apr-22
Wahring-Murchison Road,WAHRING,C,Oct-21
Waiora Road,HEIDELBERG HEIGHTS,C,Apr-22
Wallace Street,BAIRNSDALE,C,Sep-21
Wallan Road,WHITTLESEA,BCD,Apr-22
Wallan Road,GLENVALE,C,Apr-22
Wallington-Ocean Grove Road,WALLINGTON,ABCD,May-21
Walnut Avenue,MILDURA,C,Jul-21
Walnut Avenue,MILDURA SOUTH,C,Jul-21
Wanda Street,MULGRAVE,C,Apr-22
Wangandary Road,WANGARATTA,BC,May-21
Wangaratta Road,WANGARATTA,ABC,May-21
Wangaratta Whitfield Road,KING VALLEY,C,May-21
Wangaratta-Yarrawonga Road,KILLAWARRA,ABC,May-21
Wangaratta-Yarrawonga Road,WALDARA,ABC,May-21
Wangaratta-Yarrawonga Road,PEECHELBA,BC,May-21
Wangoom Road,WARRNAMBOOL,C,Nov-21
Warburton Highway,WESBURN,ABC,Jul-21
Warburton Highway,LILYDALE,ABC,Jan-22
Warburton Highway,SEVILLE,ABCD,Nov-21
Warburton Highway,WOORI YALLOCK,AC,Jul-21
Warneet Road,BLIND BIGHT,B,Mar-22
Warneet Road,WARNEET,B,Mar-22
Warragul-Korumburra Road,WARRAGUL SOUTH,ABC,Apr-22
Warralily Boulevard,ARMSTRONG CREEK,ABCD,May-21
Warrandyte Road,RINGWOOD NORTH,ABC,Jul-21
Warrandyte Road,LANGWARRIN,ABC,Jan-22
Warrandyte Road,LANGWARRIN SOUTH,BC,Jan-22
Warrigal Road,BENTLEIGH EAST,AC,May-22
Warrigal Road,BURWOOD,C,Apr-22
Warrigal Road,OAKLEIGH SOUTH,C,May-22
Waterdale Road,IVANHOE,BCD,Apr-22
Waterside Drive,WATERWAYS,BC,May-22
Waterview Drive,MERNDA,BC,Apr-22
Wattle Glen-Kangaroo Ground Road,KANGAROO GROUND,AC,Apr-22
Wattle Road,MAIDSTONE,C,Sep-21
Wattle Valley Road,CAMBERWELL,ABCD,Apr-22
Wattletree Road,MALVERN,AC,May-22
Wattletree Road,MALVERN EAST,C,May-22
Wattletree Road,ARMADALE,CD,May-22
Waverley Road,MALVERN EAST,C,May-22
Wawunna Road,HORSHAM,BC,Jul-21
Weatherall Road,CHELTENHAM,AC,May-22
Webb Road,ROCHESTER,AB,Mar-22
Wedge Road,CARRUM DOWNS,C,Jan-22
Welcome Road,DIGGERS REST,BC,May-22
Wellington Parade South,EAST MELBOURNE,BCD,May-22
Wellington Road,ROWVILLE,ABC,Apr-22
Wellington Street,STRATHFIELDSAYE,ABCD,Apr-22
Wendouree Parade,BALLARAT,C,Nov-21
Wentworth Road,MERBEIN,C,Jul-21
Were Street,BRIGHTON,ABC,Sep-21
West Street,GLENROY,C,Apr-22
Westall Road,SPRINGVALE SOUTH,C,Nov-21
Westall Road Extension,DINGLEY VILLAGE,C,Sep-21
Western Avenue,WESTMEADOWS,BC,Apr-22
Western Freeway,MELTON,ABCD,Nov-21
Western Freeway,BUANGOR,B,Jul-21
Western Freeway,NERRINA,BC,Nov-21
Western Freeway,GORDON,C,Dec-21
Western Highway,BUANGOR,ABC,Jul-21
Western Highway,LEIGH CREEK,ABC,Dec-21
Western Highway,MIRAM,AC,T
Western Highway,DIMBOOLA,AC,Jul-21
Western Highway,DRUNG,AC,Jul-21
Western Highway,LAWLOIT,AC,Jul-21
Western Highway,ARARAT,B,Jul-21
Western Highway,DADSWELLS BRIDGE,BC,Jul-21
Western Highway,MIRAM SOUTH,C,T
Western Highway,ARMSTRONG,C,Jul-21
Western Highway,DAHLEN,C,Jul-21
Western Highway,DEEP LEAD,C,Jul-21
Western Highway,DRUNG DRUNG SOUTH,C,Jul-21
Western Highway,GERANG GERUNG,C,Jul-21
Western Highway,KINIMAKATKA,C,Jul-21
Western Highway,LOCHIEL,C,Jul-21
Western Highway,STAWELL,C,Jul-21
Western Port Highway,SKYE,ABC,Jan-22
Western Port Highway,LANGWARRIN,BC,Jan-22
Western Port Highway,LYNDHURST,C,Nov-21
Westernport Highway,LANGWARRIN,C,Mar-22
Westernport Road,LANG LANG,B,Apr-22
Westernport Road,RIPPLEBROOK,C,Apr-22
Westgarth Street,WESTGARTH,BCD,Apr-22
Westmelton Drive,MELTON WEST,C,May-22
Westwood Drive,BURNSIDE,ABC,May-22
Westwood Drive,CAROLINE SPRINGS,BC,May-22
Wheatsheaf Road,GLENROY,BCD,Apr-22
White Hill Road,DROMANA,C,Jan-22
Whitfield Road,MOYHU,BC,May-21
Whittlesea-Kinglake Road,KINGLAKE CENTRAL,BC,Sep-21
Whittlesea-Kinglake Road,KINGLAKE WEST,BC,Sep-21
Whittlesea-Kinglake Road,PHEASANT CREEK,BC,Sep-21
Whittlesea-Yea Road,WHITTLESEA,ABCD,Apr-22
Whittlesea-Yea Road,KINGLAKE WEST,AC,Apr-22
Wickham Road,HIGHETT,ABCD,May-22
Wickham Road,MOORABBIN,C,May-22
Widford Street,GLENROY,C,Apr-22
Wilkinson Drive,ECHUCA,ABCD,Apr-22
Willaton Street,ST ALBANS,C,Oct-21
Williams Road,PRAHRAN,C,May-22
Williamson Street,BENDIGO,ABCD,Apr-22
Williamstown Road,PORT MELBOURNE,BCD,May-22
Willowgrove Road,TRAFALGAR,AC,Oct-21
Wilsons Lane,SUNBURY,C,Apr-22
Wilsons Road,MORNINGTON,BC,Jan-22
Wilton Vale Road,SOUTH MORANG,BC,Apr-22
Wimmera Highway,NEWBRIDGE,ABCD,Nov-21
Wimmera Highway,LLANELLY,ABCD,Apr-22
Wimmera Highway,KARNAK,C,T
Wimmera Highway,HORSHAM,C,Jul-21
Wimmera Highway,KOOREH,C,Jul-21
Wimmera Highway,MOOLERR,C,Jul-21
Wimmera Highway,QUANTONG,C,Jul-21
Wimmera Highway,ST ARNAUD,C,Jul-21
Windsor Avenue,SPRINGVALE,BC,Nov-21
Winton-Glenrowan Road,WINTON NORTH,BC,Sep-21
Witt Street,BENALLA,BC,Feb-22
Wodonga-Yackandandah Road,BARANDUDA,AC,Oct-21
Wodonga-Yackandandah Road,STAGHORN FLAT,C,Oct-21
Wollaston Road,WARRNAMBOOL,C,Nov-21
Wood Street,FLINDERS,BC,Jan-22
Wood Street,PRESTON,C,Apr-22
Woodend-Tylden Road,TYLDEN,AC,Nov-21
Woodland Street,STRATHMORE,C,Apr-22
Woods Point Road,EAST WARBURTON,ABC,Oct-21
Woods Point Road,MCMAHONS CREEK,ABC,Nov-21
Woori Yallock Road,COCKATOO,ABC,Apr-22
Woori Yallock Road,NANGANA,ABC,Apr-22
Worsley Road,BANGHOLME,BC,Nov-21
Wright Street,SUNSHINE,ABC,T
Wungan Street,MACLEOD,BC,Apr-22
Wurundjeri Way,DOCKLANDS,ABCD,Sep-21
Yallambie Road,YALLAMBIE,AC,Apr-22
Yan Yean Road,DOREEN,ABCD,Apr-22
Yan Yean Road,YARRAMBAT,BC,Apr-22
Yankee Flat Road,WARRENHEIP,C,Dec-21
Yarra Boulevard,KEW,ABCD,Apr-22
Yarra Boulevard,RICHMOND,BC,May-22
Yarra Glen Bypass,YARRA GLEN,C,Aug-21
Yarra Road,WONGA PARK,C,Apr-22
Yarralumla Drive,WODONGA,ABCD,Oct-21
Yarrawonga Wangaratta Road,PEECHELBA,BC,May-21
York Street,BALLARAT EAST,ABC,Nov-21
Yuille Street,MELTON,BC,May-22
